year,study,ASM,BOEK,COL,CQ,DTOETS,EXC,HC,ONO,OVO,PJB,PJO,PRA,PRS,RES,RESP,TOETS,WC,WG,ZGB,ZMB,ZZA CONGR,ZZA ORATIE,ZZA OVERIG,ZZTCP CURSUS
2013.0,AM,0,0,0,0,0,0,176,0,4,0,0,6,0,0,0,3,55,0,0,0,0,0,0,0
2013.0,AP,0,0,114,0,0,0,66,0,0,0,0,0,0,0,0,4,13,0,0,0,0,0,0,0
2013.0,AT,0,0,61,0,19,0,117,0,1,6,185,109,215,0,0,12,165,0,6,36,0,0,0,0
2013.0,AT/ST/TN,0,0,0,0,0,0,39,0,6,0,66,0,0,0,0,6,123,0,75,0,0,0,0,0
2013.0,AT/TN,0,0,0,0,0,0,4,0,10,0,0,0,0,0,0,0,0,0,8,0,0,0,0,0
2013.0,ATLAS,0,0,0,0,0,0,0,0,0,1,0,0,0,0,0,0,23,0,0,0,0,0,0,0
2013.0,BA,0,0,0,0,3,0,228,0,0,0,0,0,0,0,0,8,110,0,0,0,0,0,0,0
2013.0,BK,0,0,0,0,0,0,30,0,0,0,0,0,0,0,0,4,14,0,0,0,0,0,0,0
2013.0,BME,0,0,0,0,0,0,78,0,8,0,0,36,8,0,0,9,0,96,0,0,0,0,0,0
2013.0,BMT,0,0,96,0,0,0,103,0,20,0,45,149,14,0,4,28,71,5,0,1,0,0,0,0
2013.0,BSK,0,0,0,0,0,0,383,0,8,32,0,84,0,0,1,33,71,0,0,0,0,0,0,0
2013.0,Bachelor,0,0,0,0,0,0,0,0,8,0,0,0,0,0,0,0,0,0,0,0,0,0,0,0
2013.0,CEM,0,0,0,0,0,0,185,0,9,0,0,11,3,0,2,6,14,0,0,0,0,0,0,0
2013.0,CEM-CME,0,0,0,0,0,0,29,0,4,0,0,0,0,0,0,4,0,0,0,0,0,0,0,0
2013.0,CHE,0,0,132,0,2,0,137,0,18,0,30,13,1,0,0,9,18,0,0,0,0,0,0,0
2013.0,CIT,0,0,17,0,0,0,53,0,19,32,1,33,5,0,13,22,24,0,0,9,0,0,0,0
2013.0,CME,0,0,0,0,1,0,77,0,6,0,0,0,0,0,0,4,15,0,0,0,0,0,0,0
2013.0,CRE,0,0,27,0,11,0,143,0,16,46,0,44,0,0,1,8,139,0,2,0,0,0,0,0
2013.0,CS,0,0,0,0,8,0,167,0,1,21,0,86,3,0,0,10,301,0,0,0,0,0,0,0
2013.0,CSC,0,0,0,0,0,0,452,0,2,52,0,0,2,0,4,26,157,0,0,0,0,0,0,0
2013.0,CW,0,0,0,0,12,0,158,0,1,37,0,129,0,0,0,20,287,0,0,0,0,0,0,0
2013.0,EE,0,0,49,0,10,0,498,0,5,132,0,132,0,0,0,8,97,0,18,0,0,0,0,0
2013.0,ELAN,0,0,0,0,0,0,14,0,0,0,0,0,0,0,0,3,115,0,0,0,0,0,0,0
2013.0,EMS,0,0,0,0,0,0,40,0,0,0,0,16,0,0,0,0,0,0,0,0,0,0,0,0
2013.0,EPA,0,0,0,0,0,0,88,0,1,159,0,8,7,0,0,5,48,0,0,0,0,0,0,0
2013.0,ES,0,0,6,0,0,0,42,0,2,0,0,0,0,0,0,1,16,0,0,0,0,0,0,0
2013.0,ESB,0,0,0,0,0,0,232,0,22,0,0,0,0,0,0,13,38,0,0,0,0,0,0,0
2013.0,EST,0,0,54,0,2,0,17,0,0,0,0,0,0,0,0,6,78,0,0,0,0,0,0,0
2013.0,GW,0,0,0,0,0,0,20,0,0,0,0,0,0,0,0,1,41,0,0,0,0,0,0,0
2013.0,GZW,0,0,81,0,0,0,162,0,2,100,0,32,6,0,1,18,120,0,0,0,0,0,0,0
2013.0,HMI,0,0,0,0,0,0,39,0,0,0,0,0,0,0,0,1,6,0,0,0,0,0,0,0
2013.0,HS,0,0,0,0,0,0,193,0,2,6,0,36,2,0,0,9,37,0,0,0,0,0,0,0
2013.0,IBA,0,0,0,0,20,0,798,0,12,312,183,134,0,0,0,59,490,0,0,0,0,0,0,0
2013.0,IDE,0,0,14,0,3,0,72,0,9,0,0,1,6,0,0,6,12,0,0,0,0,0,0,0
2013.0,IEM,0,0,0,0,0,0,290,0,0,0,0,501,0,0,0,15,0,0,0,0,0,0,0,0
2013.0,IO,0,0,70,0,6,0,46,0,43,35,0,115,19,0,1,6,20,0,24,0,0,0,0,0
2013.0,MB,0,0,0,0,0,0,80,0,1,0,0,0,0,0,0,2,17,0,0,0,0,0,0,0
2013.0,MBI,0,0,0,0,0,0,107,0,2,0,0,28,2,0,0,4,0,0,0,0,0,0,0,0
2013.0,ME,0,0,5,0,0,0,387,0,1,0,0,3,1,0,0,15,5,0,0,0,0,0,0,0
2013.0,MPS,2,0,21,0,2,0,90,0,1,0,0,4,0,0,0,11,219,0,0,0,0,0,0,0
2013.0,NT,0,0,0,0,0,0,98,0,0,0,0,0,0,0,0,3,0,0,0,0,0,0,0,0
2013.0,OWK,0,0,22,0,6,0,73,0,3,0,8,42,2,0,0,13,35,0,5,0,0,0,0,0
2013.0,PA,0,0,0,0,0,0,107,0,8,0,0,0,1,0,0,4,46,0,0,0,0,0,0,0
2013.0,PSTS,0,0,141,0,0,0,44,0,0,3,0,0,0,0,0,5,0,0,0,0,0,0,0,0
2013.0,PSY,0,0,0,0,14,0,220,0,12,122,8,214,0,0,0,48,573,0,0,0,0,0,0,0
2013.0,RT/PH/Posterpresentaties,0,0,0,0,0,0,0,0,0,0,0,0,1,0,0,0,0,0,0,0,0,0,0,0
2013.0,SET,0,0,0,0,0,0,57,0,19,0,0,0,0,0,0,3,24,0,0,0,0,0,0,0
2013.0,ST,0,0,100,0,6,0,96,0,0,92,1,217,3,0,0,25,135,0,0,17,0,0,0,0
2013.0,TBK,0,0,40,0,0,0,176,0,0,102,0,0,0,0,0,25,50,0,0,0,0,0,0,0
2013.0,TEL,0,0,0,0,0,0,7,0,0,0,0,0,0,0,0,3,14,0,0,0,0,0,0,0
2013.0,TG,4,0,14,0,0,0,187,0,173,0,0,329,1,0,119,21,70,160,16,0,0,0,0,0
2013.0,TG/TM,0,0,0,0,0,0,0,0,84,0,0,0,0,0,0,0,0,0,0,0,0,0,0,0
2013.0,TI,0,0,22,0,0,0,249,0,50,366,0,448,16,0,0,47,257,0,6,0,0,0,0,0
2013.0,TM,8,0,0,0,0,0,128,0,16,40,28,15,2,0,9,4,16,26,2,10,0,0,0,0
2013.0,TN,0,0,48,0,4,0,67,0,5,8,3,198,1,0,4,13,83,0,18,7,0,0,0,0
2013.0,TNW,0,0,0,0,0,0,0,0,16,0,0,0,0,0,0,0,0,0,0,0,0,0,0,0
2013.0,TW,792,0,526,0,41,0,697,0,1116,21,0,34,0,0,22,137,3681,0,730,1368,0,0,0,0
2013.0,WB,0,0,26,0,11,0,204,0,30,13,0,200,15,0,2,34,128,24,0,32,0,0,0,0
2014.0,191512170,0,0,0,0,0,0,0,0,0,0,0,0,0,0,0,0,2,0,0,0,0,0,0,0
2014.0,AM,0,0,9,0,0,0,535,0,8,0,0,31,16,0,1,50,144,0,0,10,0,0,0,0
2014.0,AP,0,0,172,0,0,0,345,0,1,0,0,61,15,0,0,37,44,0,0,0,0,0,0,0
2014.0,AT,0,0,152,0,27,0,199,0,24,116,391,204,112,1,3,30,117,31,11,3,0,0,0,0
2014.0,AT/ST/TN,0,0,42,0,0,0,66,0,54,0,228,0,3,0,3,42,327,0,45,3,0,0,0,0
2014.0,AT/TN,0,0,104,0,0,0,38,0,4,14,22,62,0,10,0,14,44,0,0,0,0,0,0,0
2014.0,ATLAS,0,0,0,0,0,0,0,0,10,0,0,0,0,0,0,0,0,0,0,0,0,0,0,0
2014.0,BA,0,0,12,0,1,0,267,0,1,0,0,0,2,0,4,49,158,0,0,0,0,0,0,0
2014.0,BIT,0,0,0,0,0,0,95,0,2,32,7,0,1,0,0,18,19,0,3,6,0,0,0,0
2014.0,BK,0,0,0,0,0,0,10,0,6,0,0,0,0,0,0,20,2,0,0,0,0,0,0,0
2014.0,BME,0,0,145,0,0,0,194,0,7,0,0,33,10,0,0,22,20,4,0,0,0,0,0,0
2014.0,BMT,0,0,96,0,7,0,199,0,18,27,133,302,14,4,5,65,122,6,16,1,0,0,0,0
2014.0,BSK,0,0,27,0,2,0,168,0,0,4,0,8,2,5,11,93,75,0,0,0,0,0,0,0
2014.0,BSk,0,0,0,0,0,0,0,0,0,0,0,0,0,0,0,2,0,0,0,0,0,0,0,0
2014.0,Bachelor,0,0,0,0,0,0,0,0,2,0,0,0,0,0,0,0,0,0,0,0,0,0,0,0
2014.0,CEM,0,0,0,0,0,0,358,0,30,0,0,34,15,3,1,30,81,0,0,0,0,0,0,0
2014.0,CEM-CME,0,0,0,0,0,0,4,0,0,0,0,0,0,0,0,10,0,0,0,0,0,0,0,0
2014.0,CHE,0,0,226,0,10,0,296,0,4,788,50,26,9,0,0,35,26,0,0,0,0,0,0,0
2014.0,CIT,0,0,5,0,0,0,264,0,132,108,21,89,35,22,16,81,103,0,3,54,0,0,0,0
2014.0,CME,0,0,0,0,4,0,102,0,8,0,0,4,5,0,0,12,58,0,0,0,0,0,0,0
2014.0,CRE,0,0,154,0,1,0,236,0,51,51,0,129,13,10,4,61,319,2,29,0,0,0,0,0
2014.0,CS,0,0,0,0,62,0,675,0,0,0,0,946,3,0,0,94,2092,0,0,0,0,0,0,0
2014.0,CS-TC,0,0,0,0,0,0,0,0,0,0,0,0,0,0,0,0,21,0,0,0,0,0,0,0
2014.0,CS/Wolters/BGeerdink,0,0,0,0,0,0,0,0,1,0,0,0,0,0,0,0,0,0,0,0,0,0,0,0
2014.0,CSC,0,0,0,0,2,0,662,0,1,52,0,12,3,2,2,85,184,0,0,0,0,0,0,0
2014.0,CW,0,0,0,0,12,0,279,0,9,69,0,51,0,1,0,77,240,0,0,0,0,0,0,0
2014.0,E,0,0,0,0,0,0,12,0,0,0,0,0,0,0,0,0,0,0,0,0,0,0,0,0
2014.0,EE,0,0,41,0,13,0,1291,0,22,207,132,346,72,7,2,112,218,0,153,24,0,0,0,0
2014.0,ELAN,0,0,0,0,0,0,39,0,0,0,0,0,0,0,0,6,482,0,0,0,0,0,0,0
2014.0,EMS,0,0,0,0,0,0,56,0,0,0,0,33,0,0,0,10,0,0,0,0,0,0,0,0
2014.0,EPA,0,0,0,0,6,0,396,0,114,169,8,30,2,1,0,53,169,0,4,0,0,0,0,0
2014.0,ES,0,0,7,0,0,0,31,0,0,3,0,0,0,0,0,0,37,0,0,0,0,0,0,0
2014.0,ESB,0,0,0,0,0,0,145,0,0,0,0,0,2,0,0,62,32,0,0,0,0,0,0,0
2014.0,EST,0,0,168,0,10,0,31,0,4,0,0,7,0,0,0,24,311,0,0,0,0,0,0,0
2014.0,GW,0,0,0,0,0,0,26,0,1,0,0,0,0,0,0,2,46,0,0,0,0,0,0,0
2014.0,GZW,0,0,70,0,1,0,268,0,34,177,0,51,16,7,6,93,209,0,0,13,0,0,0,0
2014.0,HMI,0,0,0,0,0,0,184,0,0,0,0,16,0,0,0,3,2,0,0,0,0,0,0,0
2014.0,HP,0,0,0,0,0,0,9,0,0,0,0,0,0,0,0,0,61,0,0,0,0,0,0,0
2014.0,HS,0,0,3,0,0,0,147,0,7,4,0,43,1,0,33,26,50,0,0,0,0,0,0,0
2014.0,IBA,0,0,50,0,56,0,644,0,64,110,68,74,27,8,5,306,769,6,126,0,0,0,0,0
2014.0,IDE,0,0,34,0,1,0,109,0,36,0,0,16,18,1,0,9,61,0,0,0,0,0,0,0
2014.0,IEM,0,0,7,0,8,0,476,0,0,0,0,707,0,3,0,75,40,0,0,0,0,0,0,0
2014.0,IO,0,8,179,0,5,0,200,0,155,179,112,668,89,0,0,53,340,0,112,0,0,0,0,0
2014.0,IO/TBK,0,0,0,0,0,0,18,0,0,77,0,0,0,0,0,2,0,0,0,0,0,0,0,0
2014.0,IO/WB/TBK,0,0,0,0,0,0,0,0,7,105,0,0,0,0,0,0,0,0,0,0,0,0,0,0
2014.0,ITC,0,0,0,0,0,0,68,0,21,0,0,285,0,0,0,21,45,0,125,0,0,0,0,0
2014.0,ITC-GFM,0,0,0,0,0,0,23,0,0,19,2,0,0,0,0,3,0,0,10,0,0,0,0,0
2014.0,ITC-LA,0,0,0,0,0,0,15,0,1,10,10,0,0,0,0,2,7,0,14,1,0,0,0,0
2014.0,ITC-NRM,0,0,0,0,0,0,34,0,8,120,0,0,2,0,0,4,0,0,8,0,0,0,0,0
2014.0,ITC-UPM,0,0,0,0,0,0,40,0,12,16,2,0,0,0,0,0,28,0,22,0,0,0,0,0
2014.0,MB,0,0,8,0,1,0,161,0,0,0,0,0,0,0,0,11,14,0,0,0,0,0,0,0
2014.0,MBI,0,0,27,0,0,0,197,0,0,0,0,19,0,0,0,39,0,0,0,0,0,0,0,0
2014.0,ME,0,0,52,0,2,0,1159,0,7,0,0,29,18,8,4,77,90,12,0,0,0,0,0,0
2014.0,MPS,0,0,37,0,12,0,218,0,0,8,0,12,0,7,0,46,246,0,0,0,0,0,0,0
2014.0,NT,0,0,22,0,0,0,230,0,2,0,0,8,7,0,0,26,15,0,0,0,0,0,0,0
2014.0,OWK,0,0,70,0,39,0,40,0,2,0,0,16,3,0,0,36,5,0,0,0,0,0,0,0
2014.0,PA,0,0,16,0,0,0,137,0,0,0,0,0,1,0,0,12,86,0,0,0,0,0,0,0
2014.0,PSTS,0,0,145,0,0,0,106,0,17,18,0,0,0,0,0,27,4,0,0,0,0,0,0,0
2014.0,PSY,0,0,18,0,47,0,417,0,6,265,8,281,21,32,0,207,1329,0,0,0,0,0,0,0
2014.0,RT/EM/IBA,0,0,0,0,0,0,0,0,0,0,0,0,0,0,0,0,3,0,0,0,0,0,0,0
2014.0,RT/EM/Stagevoorlichting,0,0,0,0,0,0,0,0,8,0,0,0,0,0,0,0,0,0,0,0,0,0,0,0
2014.0,RT/LW,0,0,0,0,0,0,0,0,0,0,0,0,0,0,14,0,1,0,0,0,0,14,0,0
2014.0,RT/LW/panelgesprek,0,0,0,0,0,0,0,0,0,68,0,0,0,0,0,0,0,0,0,0,0,0,0,0
2014.0,RT/LW/vakevaluaties,0,0,0,0,0,0,0,0,0,34,0,0,0,0,0,0,0,0,0,0,0,0,0,0
2014.0,RT/PH,0,0,0,0,0,0,0,0,0,13,0,0,0,0,0,0,0,0,0,0,0,0,0,0
2014.0,RT/PH/Create,0,0,0,0,0,0,0,0,2,0,0,0,0,0,0,0,0,0,0,0,0,0,0,0
2014.0,RT/SH/Skills,0,0,0,0,0,0,0,0,0,0,0,0,0,0,0,0,18,0,0,0,0,0,0,0
2014.0,SET,0,0,0,0,0,0,231,0,19,0,0,0,0,0,0,14,16,0,0,0,0,0,0,0
2014.0,ST,0,0,464,0,86,0,273,0,30,235,41,955,8,17,5,74,251,5,0,67,0,0,0,0
2014.0,TBK,0,0,77,0,4,0,362,0,130,191,104,133,15,63,3,92,152,0,123,19,0,0,0,0
2014.0,TEL,0,0,0,0,0,0,24,0,0,0,0,0,4,0,0,11,20,0,0,0,0,0,0,0
2014.0,TG,9,0,62,0,39,0,266,0,53,6,3,323,29,59,81,48,61,185,41,10,0,0,0,0
2014.0,TG/TM,0,0,0,0,0,0,209,0,273,0,0,0,0,0,0,0,56,0,0,14,0,0,0,0
2014.0,TI,0,0,108,0,4,0,306,0,73,614,16,266,23,7,0,118,570,0,60,1,0,0,0,0
2014.0,TI/BIT,0,0,0,0,6,0,34,0,0,620,0,18,23,0,0,1,0,0,0,0,0,0,0,0
2014.0,TI/BIT/CRE,0,0,22,0,0,0,22,0,0,0,58,14,0,0,0,2,40,0,2,0,0,0,0,0
2014.0,TM,13,0,8,0,4,0,169,0,38,38,10,43,12,6,6,15,43,34,10,5,0,0,28,0
2014.0,TN,0,0,160,0,12,0,219,0,5,0,0,331,1,0,0,44,279,0,12,23,0,0,0,0
2014.0,TN/TW,0,0,0,0,0,0,44,0,2,0,21,0,15,0,1,8,86,0,0,0,0,0,0,0
2014.0,TW,41,0,232,0,36,0,1163,0,363,63,0,50,28,46,13,487,1738,0,471,783,0,0,0,0
2014.0,WB,0,0,117,0,19,0,450,0,209,40,0,707,48,24,49,157,824,0,0,5,0,0,0,0
2014.0,WB/IO,0,0,0,0,0,0,0,0,0,0,0,0,0,0,0,6,0,0,0,0,0,0,0,0
2014.0,WIJSB,0,0,0,0,0,0,0,0,0,0,0,0,1,0,0,0,7,0,0,0,0,0,0,0
2014.0,WTM,0,0,0,0,0,0,8,0,0,0,0,0,0,0,0,0,0,0,0,0,0,0,0,0
2015.0,AM,0,0,64,0,0,0,369,0,6,0,0,47,7,1,0,64,90,0,0,8,0,0,0,0
2015.0,AP,0,0,122,0,0,0,196,0,1,0,0,0,4,0,0,40,63,0,0,0,0,0,0,0
2015.0,AT,0,0,85,0,1,0,68,0,22,218,23,80,78,3,0,64,92,14,15,6,0,0,0,0
2015.0,AT/ST,0,0,0,0,0,0,28,0,0,0,0,0,0,0,0,6,6,0,0,3,0,0,0,0
2015.0,AT/ST/TN,0,0,0,0,0,0,18,0,0,0,0,0,0,0,0,12,114,0,0,0,0,0,0,0
2015.0,AT/TN,0,0,182,0,0,0,48,0,0,4,22,84,0,0,0,24,66,4,0,0,0,0,0,0
2015.0,ATLAS,0,0,0,0,0,0,0,0,27,0,0,0,0,0,0,0,0,0,0,0,0,0,0,0
2015.0,BA,0,0,17,0,0,0,240,0,0,0,0,20,12,1,0,56,82,0,0,0,0,0,0,0
2015.0,BIT,0,0,0,0,0,0,67,0,0,40,32,0,6,1,0,14,16,0,0,0,0,0,0,0
2015.0,BME,0,0,104,0,0,0,168,0,2,1,1,68,25,0,0,33,27,0,1,0,0,0,0,0
2015.0,BMT,0,0,73,0,6,0,169,0,13,11,34,341,14,6,0,63,122,4,9,1,0,0,0,0
2015.0,BSK,0,0,0,0,0,0,53,0,1,0,0,0,2,1,0,43,21,0,1,0,0,0,0,0
2015.0,CEM,0,0,6,0,0,0,187,0,8,0,0,23,7,3,0,31,34,0,0,0,0,0,0,0
2015.0,CEM-CME,0,0,0,0,0,0,6,0,15,0,0,0,0,0,0,4,0,0,0,0,0,0,0,0
2015.0,CHE,0,0,140,0,8,0,116,0,0,781,52,30,2,28,0,44,12,0,0,0,0,0,0,0
2015.0,CIT,2,0,5,0,0,0,133,0,84,121,28,88,21,4,0,69,67,0,141,19,0,0,0,0
2015.0,CME,0,0,26,0,0,0,27,0,13,0,0,2,5,0,0,14,45,0,0,0,0,0,0,0
2015.0,CRE,0,0,62,2,0,0,129,0,30,78,6,101,17,13,0,63,184,3,12,0,0,0,0,0
2015.0,CS,0,0,0,0,0,0,448,0,6,0,0,505,17,4,0,99,990,0,0,3,0,0,0,0
2015.0,CS/CW/UT,0,1,0,0,0,0,0,0,0,0,0,0,0,0,0,0,0,0,0,0,0,0,0,0
2015.0,CSC,0,0,0,0,2,0,344,0,4,23,0,44,20,3,0,95,53,0,0,0,0,0,0,0
2015.0,CW,0,0,0,0,12,0,171,0,50,8,0,37,1,1,0,46,122,0,0,8,0,0,0,0
2015.0,E,0,0,0,0,0,0,12,0,22,0,0,0,2,0,0,2,8,0,0,0,0,0,0,0
2015.0,EE,0,0,44,0,14,0,741,0,22,208,345,203,70,6,0,134,130,0,140,12,0,0,0,0
2015.0,ELAN,0,0,0,0,0,0,22,0,0,0,0,0,0,0,0,4,550,0,0,14,0,0,0,0
2015.0,EMS,0,0,0,0,0,0,24,0,0,0,0,20,0,0,0,13,0,0,0,0,0,0,0,0
2015.0,EPA,0,0,8,0,7,0,208,0,93,170,48,0,10,14,0,64,90,0,29,2,0,0,0,0
2015.0,ES,0,0,7,0,0,0,23,0,2,1,0,0,0,0,0,1,16,0,0,0,0,0,0,0
2015.0,ESB,0,0,0,0,0,0,61,0,3,0,0,0,0,0,0,14,0,0,0,0,0,0,0,0
2015.0,EST,0,0,148,0,4,0,21,0,3,0,0,1,5,1,0,12,146,0,0,0,0,0,0,0
2015.0,GW,0,0,0,0,0,0,6,0,2,0,0,0,0,0,0,1,5,0,0,0,0,0,0,0
2015.0,GZW,0,0,54,0,0,0,194,0,21,108,0,24,42,22,0,84,192,0,0,4,0,0,0,0
2015.0,HMI,0,0,0,0,0,0,137,0,0,0,0,16,0,0,0,8,0,0,0,0,0,0,0,0
2015.0,HP,0,0,0,0,0,0,37,0,0,0,0,0,0,0,0,0,14,0,0,0,0,0,0,0
2015.0,HS,0,0,10,0,0,0,101,0,5,8,0,31,1,6,0,23,24,0,0,0,0,0,0,0
2015.0,IBA,0,0,13,0,16,0,317,0,21,44,33,0,36,19,0,191,346,4,1,2,0,0,0,0
2015.0,IDE,0,0,31,0,0,0,90,0,31,0,0,32,11,0,0,8,43,0,0,0,0,0,0,0
2015.0,IEM,0,0,0,0,8,0,217,0,3,0,0,197,0,14,0,69,16,0,0,0,0,0,0,0
2015.0,IO,0,0,96,0,7,0,251,0,137,101,27,375,77,0,0,47,221,0,18,0,0,0,0,0
2015.0,IO/TBK,0,0,0,0,0,0,21,0,0,7,0,0,0,0,0,5,0,0,0,0,0,0,0,0
2015.0,IO/WB/TBK,0,0,0,0,0,0,0,0,174,163,0,378,0,0,0,0,0,0,0,0,0,0,0,0
2015.0,ITC-AES,0,0,0,0,2,0,241,0,32,243,142,7,21,0,0,18,242,0,164,0,12,0,0,0
2015.0,ITC-CORE,0,0,0,0,0,0,1125,0,252,6444,756,0,0,0,0,225,45,0,2898,126,0,0,0,0
2015.0,ITC-EDU,0,0,0,0,0,0,945,0,558,81,0,0,0,0,0,0,0,0,243,0,0,0,0,0
2015.0,ITC-EOS,10,0,0,0,0,0,176,0,13,138,57,41,11,0,0,10,65,0,48,0,0,0,0,0
2015.0,ITC-ESA,2,0,0,0,4,0,75,0,44,80,16,79,8,0,0,0,48,0,24,0,0,0,0,0
2015.0,ITC-GFM,0,0,0,0,0,0,278,0,11,202,46,14,4,0,0,31,89,0,154,3,0,0,1,0
2015.0,ITC-GIP,2,0,0,0,0,0,79,0,2,51,56,15,3,0,0,12,64,0,107,0,0,0,0,0
2015.0,ITC-LA,0,0,0,0,0,0,120,0,10,81,45,2,2,0,0,19,92,0,75,9,0,0,1,0
2015.0,ITC-NRM,56,0,0,0,0,0,196,0,28,344,54,130,10,0,0,16,106,0,50,0,26,0,0,0
2015.0,ITC-NRS,0,0,0,0,12,0,93,0,45,80,14,76,0,0,0,10,25,0,248,40,0,0,0,0
2015.0,ITC-PGM,4,0,0,0,3,0,123,0,3,83,28,126,33,0,0,7,83,0,56,6,0,0,2,0
2015.0,ITC-UPM,2,0,0,0,2,0,117,0,7,101,3,6,8,0,0,5,72,0,94,4,0,0,1,0
2015.0,ITC-WREM,0,0,0,0,0,0,130,0,76,117,2,12,0,0,0,7,24,0,91,0,0,0,0,0
2015.0,ITC-WRS,4,0,0,0,0,0,98,0,18,114,52,12,29,0,0,11,6,0,64,2,0,0,0,0
2015.0,ITC/AES/AES,0,2,0,0,0,0,0,0,0,0,0,0,0,0,0,0,0,0,0,0,0,0,0,0
2015.0,MB,0,0,0,0,2,0,39,0,0,0,0,0,0,0,0,11,0,0,0,0,0,0,0,0
2015.0,MBI,0,0,0,0,0,0,104,0,1,0,0,4,1,0,0,33,8,0,0,0,0,0,0,0
2015.0,ME,4,0,84,0,11,0,729,0,47,0,0,127,31,24,0,102,45,0,0,0,0,0,0,0
2015.0,MI,0,0,82,0,11,0,196,0,19,292,9,2,18,7,0,24,187,0,19,19,0,0,0,0
2015.0,MOD,0,0,0,0,0,0,0,0,3,0,0,0,0,0,0,0,0,0,0,0,0,0,0,0
2015.0,MPS,8,0,51,0,8,0,178,0,17,0,0,9,7,3,0,50,178,0,0,0,0,0,0,0
2015.0,Me,0,0,0,0,0,0,0,0,0,0,0,2,0,0,0,3,0,0,0,0,0,0,0,0
2015.0,NT,0,0,19,0,0,0,147,0,1,0,0,8,4,0,0,33,11,0,0,0,0,0,0,0
2015.0,OWK,0,0,0,0,18,0,18,0,0,0,0,2,0,0,0,10,0,0,0,0,0,0,0,0
2015.0,PA,0,0,10,0,0,0,55,0,0,0,0,0,1,0,0,17,43,0,0,0,0,0,0,0
2015.0,PSTS,0,0,74,0,0,0,73,0,24,30,0,0,0,1,0,24,17,0,0,0,0,0,0,0
2015.0,PSY,12,0,0,0,21,0,246,0,25,94,12,167,22,40,0,125,776,0,0,0,0,0,0,0
2015.0,RT/PH/TI,0,0,0,0,0,0,0,0,0,0,0,1,0,0,0,0,0,0,0,0,0,0,0,0
2015.0,RT/SH/Bachelor,0,0,0,0,0,0,0,0,34,0,0,0,0,0,0,0,0,0,0,0,0,0,0,0
2015.0,SET,0,0,0,0,0,0,151,0,25,0,0,0,0,0,0,15,12,0,0,0,0,0,0,0
2015.0,ST,2,0,179,0,51,0,170,0,16,207,247,330,13,23,0,108,217,5,107,54,0,0,0,0
2015.0,ST/CHE,0,0,0,0,0,0,0,0,64,0,0,0,0,0,0,0,0,0,0,0,0,0,0,0
2015.0,TBK,0,0,149,0,10,0,147,0,16,151,85,122,2,59,0,90,138,0,35,51,0,0,0,0
2015.0,TEL,0,0,0,0,0,0,24,0,0,0,0,0,6,0,0,8,18,0,0,0,0,0,0,0
2015.0,TG,14,0,58,0,18,0,294,0,56,11,8,414,48,151,0,80,108,180,4,4,0,0,0,0
2015.0,TG/TM,0,0,0,0,0,0,0,0,75,0,0,0,0,0,0,0,0,0,0,0,0,0,0,0
2015.0,TI,0,0,57,0,0,0,172,0,82,195,0,173,3,10,0,79,478,0,8,0,0,0,0,0
2015.0,TI/BIT,0,0,1,0,0,0,25,0,0,701,0,19,41,0,0,6,0,0,0,0,0,0,0,0
2015.0,TI/BIT/CRE,0,0,8,0,0,0,26,0,0,14,64,6,4,10,0,12,58,0,0,0,0,0,0,0
2015.0,TM,16,0,12,0,2,0,163,0,43,42,9,56,13,13,0,14,69,19,25,6,0,0,0,0
2015.0,TN,0,0,79,0,11,0,83,0,16,4,0,246,7,1,0,71,108,4,0,14,0,0,0,0
2015.0,TN/TW,0,0,0,0,0,0,28,0,12,14,0,4,14,14,0,14,68,0,0,0,0,0,0,0
2015.0,TNW,0,0,0,0,0,0,0,0,52,0,0,0,0,0,0,0,0,0,0,0,0,0,0,0
2015.0,TW,32,0,145,0,8,0,781,0,162,96,13,30,18,36,0,416,823,0,249,343,0,0,0,0
2015.0,WB,0,0,53,0,2,0,203,0,137,8,0,399,33,2,0,103,530,0,0,0,0,0,0,0
2015.0,WB/IO,0,0,0,0,0,0,4,0,0,0,0,0,0,0,0,4,18,0,0,0,0,0,0,0
2015.0,ZZ,0,0,0,0,0,0,0,0,0,0,0,0,0,0,0,1,0,0,0,0,0,0,0,0
2016.0,AM,0,0,2,0,2,0,144,0,8,0,0,17,5,0,0,61,59,0,0,4,0,0,0,0
2016.0,AP,0,0,64,0,0,0,86,0,0,0,0,6,7,0,0,37,52,0,0,0,0,0,0,0
2016.0,AT,1,0,33,0,0,0,7,1,8,162,0,15,69,4,0,45,52,25,6,8,0,0,0,0
2016.0,AT/ST,2,0,0,0,0,0,17,0,0,0,0,0,0,0,0,8,14,0,0,0,0,0,0,0
2016.0,AT/ST/TN,0,0,0,0,0,0,0,0,0,0,0,0,0,9,0,6,21,0,0,0,0,0,0,0
2016.0,AT/TN,0,0,52,0,0,0,61,0,0,44,18,84,0,6,0,26,228,6,0,56,0,0,0,0
2016.0,ATLAS,0,0,0,0,0,0,0,0,10,0,0,0,0,0,0,0,0,0,0,0,0,0,0,0
2016.0,BA,0,0,15,0,3,0,164,0,12,3,0,0,3,3,0,40,121,0,0,0,0,0,0,0
2016.0,BIT,0,0,1,0,0,0,31,0,7,0,0,0,1,8,0,7,40,0,0,0,0,0,0,0
2016.0,BME,0,0,52,0,0,0,103,0,4,0,0,396,39,36,0,39,253,0,0,0,0,0,0,0
2016.0,BMT,0,0,58,0,5,0,129,1,28,1,12,319,13,12,0,51,93,8,4,0,0,0,0,0
2016.0,BSK,0,0,0,0,0,0,0,0,0,0,0,0,0,0,0,6,0,0,0,0,0,0,0,0
2016.0,CEM,0,0,24,0,0,9,126,0,3,0,0,18,14,5,0,20,19,0,0,0,0,0,0,0
2016.0,CEM-CME,0,0,0,0,0,1,5,0,11,0,0,0,0,0,0,5,0,0,0,0,0,0,0,0
2016.0,CHE,0,0,154,0,0,0,39,0,0,580,6,2,1,4,0,48,2,0,0,14,0,0,0,0
2016.0,CIT,0,0,55,0,0,1,118,2,87,91,9,85,12,6,0,41,47,0,3,21,0,0,0,0
2016.0,CME,0,0,0,0,4,1,28,0,10,0,0,0,6,0,0,7,26,0,0,0,0,0,0,0
2016.0,CRE,0,0,58,0,0,0,87,0,35,34,5,70,10,5,0,65,104,2,15,0,0,0,0,0
2016.0,CS,0,0,8,0,0,2,138,2,0,0,0,266,10,0,0,62,504,0,0,0,0,0,0,0
2016.0,CSC,0,0,0,0,6,0,255,0,9,11,0,31,92,0,0,106,68,0,0,0,0,0,0,0
2016.0,CTW,0,0,0,0,0,0,0,128,456,0,0,0,0,0,0,0,0,0,0,0,0,0,0,0
2016.0,CW,0,0,5,0,2,0,96,0,12,5,0,18,2,0,0,41,59,0,0,8,0,0,0,0
2016.0,E,0,0,0,0,0,0,12,0,20,0,0,0,4,0,0,2,6,0,0,0,0,0,0,0
2016.0,EE,0,0,25,0,13,0,336,0,11,188,304,104,2,7,0,117,109,0,60,72,0,0,0,0
2016.0,ELAN,0,0,0,0,0,0,8,0,6,0,0,0,0,0,0,0,490,0,0,0,0,0,0,0
2016.0,EMS,0,0,0,0,0,0,16,0,0,0,0,4,0,9,0,13,0,0,0,0,0,0,0,0
2016.0,EPA,0,0,0,0,1,0,159,2,41,63,2,0,10,1,0,54,61,0,0,0,0,0,0,0
2016.0,ES,0,0,5,0,0,0,28,0,0,0,0,0,0,0,0,2,5,0,0,0,0,0,0,0
2016.0,EST,0,0,64,0,1,0,4,2,1,0,0,0,5,2,0,9,60,0,0,0,0,0,0,0
2016.0,GZW,0,0,27,0,0,0,101,0,6,56,0,14,27,17,0,56,163,0,0,10,0,0,0,0
2016.0,HMI,0,0,0,0,0,0,66,0,0,0,0,24,0,0,0,9,0,0,0,0,0,0,0,0
2016.0,HP,0,0,0,0,0,0,29,0,0,0,0,0,0,0,0,0,14,0,0,0,0,0,0,0
2016.0,HS,0,0,1,0,0,0,72,0,3,6,0,7,10,5,0,15,103,0,0,0,0,0,0,0
2016.0,IBA,0,0,5,0,3,0,126,0,14,1,8,0,15,13,0,69,208,3,0,0,0,0,0,0
2016.0,IDE,0,0,56,0,2,2,85,0,22,0,0,4,12,0,0,16,34,0,0,0,0,0,0,0
2016.0,IEM,0,0,6,0,0,0,142,0,1,0,0,386,1,9,0,68,13,0,0,0,0,0,0,0
2016.0,IO,0,0,43,0,4,0,192,11,30,56,0,321,46,5,0,29,76,0,4,0,0,0,0,0
2016.0,IO/TBK,0,0,0,0,0,0,11,0,0,0,0,0,0,0,0,3,0,0,0,0,0,0,0,0
2016.0,IO/WB/TBK,0,0,0,0,0,0,14,0,153,166,0,0,0,0,0,0,0,0,0,0,0,0,0,0
2016.0,ITC-AES,1,0,0,0,1,0,63,0,15,63,18,5,0,0,0,5,30,0,36,0,0,0,0,0
2016.0,ITC-CORE,120,0,0,0,0,0,680,0,224,3088,160,1456,0,0,0,240,0,0,1648,0,0,0,0,0
2016.0,ITC-EOS,0,0,0,0,0,0,63,0,2,56,30,2,4,0,0,5,26,0,20,0,0,0,0,0
2016.0,ITC-GFM,2,0,0,0,0,0,107,0,6,72,19,12,0,0,0,10,7,0,55,2,0,0,0,0
2016.0,ITC-LA,13,0,0,0,12,0,123,0,6,87,105,46,4,0,0,3,21,0,47,6,0,0,0,0
2016.0,ITC-NRM,0,0,0,0,0,0,513,0,90,675,66,123,9,0,0,21,216,0,180,0,0,0,0,0
2016.0,ITC-UPM,2,0,0,0,0,0,58,0,7,70,5,8,1,0,0,3,36,0,38,5,0,0,0,0
2016.0,ITC-WREM,0,0,0,0,0,0,101,0,12,71,0,0,0,0,0,8,0,0,46,0,0,0,0,0
2016.0,MBI,0,0,0,0,0,0,37,0,2,0,0,4,1,2,0,21,2,0,0,0,0,0,0,0
2016.0,ME,0,0,20,0,13,0,335,0,32,0,0,73,22,12,0,48,35,0,0,0,0,0,0,0
2016.0,MI,0,0,153,0,10,0,225,0,52,121,111,37,17,26,0,55,207,2,42,22,0,0,0,0
2016.0,MPS,10,0,96,0,6,0,85,0,64,0,0,4,13,0,0,75,192,0,0,0,0,0,0,0
2016.0,NT,4,0,40,0,0,0,114,0,0,4,0,14,10,0,0,23,13,0,0,0,0,0,0,0
2016.0,PA,0,0,57,0,0,0,64,0,0,0,0,0,0,0,0,20,46,0,0,0,0,0,0,0
2016.0,PSTS,0,0,66,0,0,0,32,1,10,10,0,0,0,0,0,27,12,0,0,0,0,0,0,0
2016.0,PSY,12,0,0,0,15,1,105,0,79,156,12,89,15,8,0,64,471,0,0,4,0,0,0,0
2016.0,RT/JB/Atlas,0,0,0,0,0,0,0,0,0,0,10,0,0,0,0,0,8,0,0,0,0,0,49,0
2016.0,RT/JB/BA,0,0,0,0,0,0,0,0,1,0,0,0,0,0,0,0,0,0,0,0,0,0,0,0
2016.0,RT/LM/Atlas,0,1,0,0,0,0,0,0,0,0,0,0,0,0,0,0,0,0,0,0,0,0,0,0
2016.0,RT/LW/informatie,0,0,0,0,0,0,0,1,0,0,0,0,0,0,0,0,0,0,0,0,0,0,0,0
2016.0,RT/PH/Atlas,0,0,0,0,0,0,0,0,0,0,0,0,0,0,0,0,0,0,0,0,0,0,8,0
2016.0,RT/PH/Atlas(VR),0,0,0,0,0,0,0,0,0,0,0,0,0,0,0,0,0,0,0,0,0,0,2,0
2016.0,RT/PH/Atlas(sem,0,0,0,0,0,0,0,0,0,0,0,0,0,0,0,0,0,0,0,0,0,0,5,0
2016.0,SET,0,0,4,0,0,0,36,0,0,0,0,0,0,0,0,7,2,0,0,0,0,0,0,0
2016.0,ST,0,0,168,0,0,0,73,0,21,138,183,222,25,4,0,85,114,5,10,43,0,0,0,0
2016.0,TBK,0,0,64,0,11,0,122,0,12,16,46,44,3,51,0,76,78,0,25,16,0,0,0,0
2016.0,TEL,0,0,0,0,0,0,3,0,0,0,0,6,6,2,0,6,15,0,0,0,0,0,0,0
2016.0,TG,24,0,130,0,4,0,285,0,103,11,0,456,49,170,0,66,88,126,4,0,0,0,0,0
2016.0,TI,0,0,40,0,0,0,114,0,70,148,0,320,6,15,0,47,125,0,10,0,0,0,0,0
2016.0,TI/BIT/CRE,0,0,0,0,0,0,18,0,8,0,82,2,4,2,0,18,46,0,4,0,0,0,0,0
2016.0,TM,22,0,8,0,0,0,147,0,29,45,0,48,10,37,0,23,50,24,24,10,0,0,0,0
2016.0,TN,0,0,62,0,0,0,46,2,4,6,0,179,10,2,0,44,65,2,0,5,0,0,0,0
2016.0,TN/TW,0,0,0,0,0,0,24,0,0,4,0,162,2,8,0,16,88,0,0,0,0,0,0,0
2016.0,TNW,0,0,0,0,0,0,0,3159,1872,0,0,0,0,0,0,0,0,0,0,0,0,0,0,0
2016.0,TW,28,0,95,0,0,0,383,0,103,32,12,41,12,51,0,336,518,0,159,150,0,0,0,0
2016.0,WB,0,0,26,0,0,0,104,1,80,38,0,132,18,21,0,45,65,0,0,0,0,0,0,0
2016.0,WB/IO,0,0,0,0,0,0,0,0,0,0,0,0,0,0,0,2,0,0,0,0,0,0,0,0
2016.0,ZZTCP,0,0,0,0,0,0,0,0,0,0,0,0,0,0,0,0,0,0,0,0,0,0,0,212
2017.0,AM,0,0,0,0,0,0,33,0,2,0,0,14,7,5,0,60,10,0,0,3,0,0,0,0
2017.0,AP,0,0,10,0,0,0,6,0,0,0,0,2,2,0,0,17,6,0,0,0,0,0,0,0
2017.0,AT,0,0,0,0,0,0,6,0,0,0,0,0,0,0,0,18,3,0,1,0,0,0,0,0
2017.0,AT/ST,2,0,0,0,0,0,18,0,0,0,0,0,0,0,0,6,22,0,0,0,0,0,0,0
2017.0,AT/TN,0,0,2,0,0,0,0,2,0,0,0,0,14,0,0,4,2,0,0,40,0,0,0,0
2017.0,BA,0,0,0,0,0,0,34,0,4,6,0,2,2,0,0,30,14,0,0,0,0,0,0,0
2017.0,BIT,0,0,0,0,0,0,7,0,6,0,0,0,0,0,0,1,11,0,0,0,0,0,0,0
2017.0,BME,0,0,9,0,0,0,66,0,12,0,0,37,51,0,0,31,2,0,0,0,0,0,0,0
2017.0,BMT,0,0,1,0,0,0,3,0,14,1,0,25,3,2,0,11,5,0,0,0,0,0,0,0
2017.0,CEM,0,0,8,0,0,2,19,0,2,0,0,9,5,1,0,16,9,0,0,0,0,0,0,0
2017.0,CEM-CME,0,0,0,0,0,0,0,0,0,0,0,0,0,0,0,4,0,0,0,0,0,0,0,0
2017.0,CHE,0,0,14,0,0,0,2,0,0,0,0,0,6,0,0,9,0,0,0,0,0,0,0,0
2017.0,CIT,0,0,8,0,0,0,40,0,72,14,0,21,13,2,0,24,6,0,0,2,0,0,0,0
2017.0,CME,0,0,0,0,4,0,4,0,4,0,0,0,3,0,0,6,6,0,0,0,0,0,0,0
2017.0,CRE,0,0,1,0,0,0,5,0,2,1,0,3,2,2,0,13,4,0,1,0,0,0,0,0
2017.0,CS,0,0,4,0,0,0,37,0,0,0,0,70,9,0,0,35,94,0,0,0,0,0,0,0
2017.0,CSC,0,0,0,0,0,0,79,0,0,2,0,13,235,0,0,80,4,0,0,0,0,0,0,0
2017.0,CTW,0,0,0,0,0,0,0,64,24,0,0,0,0,0,0,0,0,0,0,0,0,0,0,0
2017.0,CW,0,0,0,0,0,0,14,0,1,0,0,1,0,0,0,6,22,0,0,3,0,0,0,0
2017.0,EE,0,0,7,0,2,0,112,0,2,43,308,13,2,3,0,70,29,0,12,12,0,0,0,0
2017.0,ELAN,0,0,0,0,0,0,0,0,0,0,0,0,0,0,0,0,41,0,0,0,0,0,0,0
2017.0,EMS,0,0,0,0,0,0,4,0,0,0,0,0,0,0,0,13,0,0,0,0,0,0,0,0
2017.0,EPA,0,0,0,0,0,0,55,0,24,19,0,0,5,0,0,46,37,0,0,0,0,0,0,0
2017.0,ES,0,0,0,0,0,0,1,0,0,0,0,0,0,0,0,0,0,0,0,0,0,0,0,0
2017.0,EST,0,0,19,0,1,0,2,0,0,0,0,0,1,0,0,5,0,0,0,0,0,0,0,0
2017.0,GZW,0,0,6,0,0,0,18,0,6,14,0,2,21,5,0,29,56,0,0,0,0,0,0,0
2017.0,HMI,0,0,0,0,0,0,14,0,0,0,0,3,0,0,0,7,0,0,0,0,0,0,0,0
2017.0,HP,0,0,0,0,0,0,21,0,0,0,0,0,0,0,0,0,2,0,0,0,0,0,0,0
2017.0,HS,0,0,0,0,0,0,3,0,0,2,0,0,5,1,0,9,4,0,0,0,0,0,0,0
2017.0,IBA,0,0,2,0,0,0,33,0,11,0,0,0,6,0,0,29,33,2,0,0,0,0,0,0
2017.0,IDE,0,0,12,0,1,0,21,0,10,0,0,0,6,0,0,19,6,0,0,0,0,0,0,0
2017.0,IEM,0,0,0,0,0,0,38,0,0,0,0,12,0,9,0,75,0,0,0,0,0,0,0,0
2017.0,IO,0,0,4,0,0,0,56,0,7,4,0,88,30,0,0,66,18,0,0,0,0,0,0,0
2017.0,IO/TBK,0,0,0,0,0,0,0,0,0,0,0,0,0,0,0,8,0,0,0,0,0,0,0,0
2017.0,IO/WB/TBK,0,0,0,0,0,0,0,0,154,28,0,0,0,0,0,0,0,0,0,0,0,0,0,0
2017.0,IST,0,0,0,0,0,0,3,0,0,0,0,9,3,3,0,6,6,0,0,0,0,0,0,0
2017.0,MBI,0,0,0,0,0,0,7,0,0,0,0,0,0,0,0,13,0,0,0,0,0,0,0,0
2017.0,ME,0,0,8,0,5,0,53,0,15,0,0,0,6,6,0,32,0,0,0,0,0,0,0,0
2017.0,MI,0,0,1,0,3,0,1,0,17,10,0,0,6,3,0,16,12,0,8,0,0,0,0,0
2017.0,MPS,1,0,0,0,0,0,9,0,0,0,0,0,0,0,0,16,30,0,0,0,0,0,0,0
2017.0,NT,0,0,0,0,0,0,2,0,0,4,0,0,9,0,0,20,0,0,0,10,0,0,0,0
2017.0,PA,0,0,3,0,0,0,51,0,0,0,0,0,0,0,0,2,32,0,0,0,0,0,0,0
2017.0,PSTS,0,0,5,0,1,0,8,0,0,2,0,0,0,0,0,21,3,0,0,0,0,0,0,0
2017.0,PSY,0,0,0,0,3,0,10,0,3,7,0,15,10,1,0,13,33,0,0,0,0,0,0,0
2017.0,RT/JB/Atlas,0,0,0,0,0,0,0,0,0,0,0,0,0,0,0,0,6,0,0,0,0,0,0,0
2017.0,RT/PH/Atlas(sem,0,0,0,0,0,0,0,0,0,0,0,0,0,0,0,0,0,0,0,0,0,0,4,0
2017.0,SET,0,0,0,0,0,0,7,0,0,0,0,0,0,0,0,7,0,0,0,0,0,0,0,0
2017.0,ST,0,0,32,0,0,0,2,0,0,32,0,60,3,2,0,24,2,0,0,1,0,0,0,0
2017.0,TBK,0,0,25,0,0,0,35,0,4,0,0,20,2,7,0,45,11,0,0,12,0,0,0,0
2017.0,TG,14,0,39,0,6,0,122,0,23,7,0,263,24,80,0,29,42,51,0,0,0,0,0,0
2017.0,TI,0,0,0,0,0,0,10,0,0,80,0,16,0,2,0,8,7,0,0,0,0,0,0,0
2017.0,TI/BIT/CRE,0,0,0,0,0,0,2,0,10,0,32,0,0,2,0,12,8,0,0,0,0,0,0,0
2017.0,TM,6,0,0,0,0,0,4,0,2,0,0,4,4,4,0,8,10,2,0,0,0,0,0,0
2017.0,TN,0,0,15,0,0,0,9,0,0,0,0,92,1,9,0,23,4,0,0,0,0,0,0,0
2017.0,TNW,0,0,0,0,0,0,0,1053,702,0,0,0,0,0,0,0,0,0,0,0,0,0,0,0
2017.0,TW,9,0,9,0,0,0,25,0,23,4,0,0,3,23,0,140,49,0,25,21,0,0,0,0
2017.0,WB,0,0,6,0,0,0,41,0,27,3,0,34,0,6,0,31,39,0,0,0,0,0,0,0
2017.0,ZZTCP,0,0,0,0,0,0,0,0,0,0,0,0,0,0,0,0,0,0,0,0,0,0,0,117
