year,month,day,customerid,productid,sales
2009,9,10-9-2009,1,1,244.3
2007,11,17-11-2007,2,1,486.5
2009,7,11-7-2009,3,1,523.5
2009,6,12-6-2009,3,1,209.4
2009,3,12-3-2009,3,1,261.75
2009,9,10-9-2009,4,1,34.9
2009,9,9-9-2009,5,1,523.5
2008,1,9-1-2008,6,1,417.0
2009,4,30-4-2009,7,1,1134.25
2008,5,10-5-2008,7,1,291.9
2007,11,28-11-2007,7,1,834.0
2009,8,4-8-2009,12,1,959.75
2008,6,17-6-2008,12,1,681.1
2008,2,13-2-2008,12,1,291.9
2009,9,5-9-2009,13,1,52.35
2008,7,15-7-2008,13,1,486.5
2009,8,4-8-2009,17,1,628.2
2009,6,16-6-2009,20,1,523.5
2007,12,28-12-2007,20,1,556.0
2008,6,28-6-2008,25,1,278.0
2008,8,2-8-2008,27,1,250.2
2009,3,19-3-2009,34,1,52.35
2009,7,22-7-2009,37,1,488.6
2009,7,7-7-2009,37,1,418.8
2009,6,3-6-2009,38,1,872.5
2009,2,20-2-2009,38,1,349.0
2009,1,29-1-2009,38,1,872.5
2009,3,3-3-2009,39,1,349.0
2008,10,4-10-2008,40,1,244.3
2008,10,4-10-2008,41,1,523.5
2008,8,28-8-2008,42,1,872.5
2009,7,4-7-2009,45,1,104.7
2009,7,3-7-2009,46,1,261.75
2009,1,7-1-2009,49,1,523.5
2009,1,23-1-2009,53,1,52.35
2008,1,26-1-2008,56,1,139.0
2009,1,22-1-2009,61,1,174.5
2008,10,2-10-2008,64,1,698.0
2009,4,22-4-2009,66,1,349.0
2008,10,23-10-2008,70,1,209.4
2008,3,28-3-2008,74,1,778.4
2008,11,25-11-2008,86,1,523.5
2008,6,14-6-2008,86,1,222.4
2009,5,5-5-2009,1,52,246.5
2009,7,11-7-2009,3,52,690.2
2009,8,5-8-2009,4,52,1972.0
2009,6,2-6-2009,4,52,2465.0
2008,2,2-2-2008,4,52,2758.0
2008,1,31-1-2008,4,52,985.0
2008,12,20-12-2008,7,52,3944.0
2009,7,16-7-2009,12,52,1479.0
2009,4,3-4-2009,12,52,1479.0
2008,12,16-12-2008,12,52,739.5
2009,7,1-7-2009,13,52,1725.5
2009,6,6-6-2009,13,52,147.9
2009,5,13-5-2009,15,52,986.0
2008,10,14-10-2008,16,52,493.0
2008,1,11-1-2008,17,52,591.0
2009,6,30-6-2009,24,52,295.8
2008,5,21-5-2008,25,52,1576.0
2009,8,21-8-2009,28,52,1035.3
2009,7,18-7-2009,28,52,2958.0
2008,4,26-4-2008,28,52,788.0
2009,8,28-8-2009,30,52,591.6
2009,7,25-7-2009,32,52,591.6
2009,3,26-3-2009,32,52,443.7
2009,6,12-6-2009,35,52,986.0
2009,5,13-5-2009,39,52,1232.5
2009,3,3-3-2009,39,52,986.0
2008,10,4-10-2008,41,52,986.0
2007,11,24-11-2007,41,52,591.0
2009,2,7-2-2009,42,52,2366.4
2007,12,27-12-2007,42,52,1576.0
2008,11,19-11-2008,43,52,493.0
2008,1,23-1-2008,44,52,394.0
2008,10,11-10-2008,49,52,739.5
2009,4,14-4-2009,55,52,739.5
2008,1,26-1-2008,56,52,197.0
2009,1,22-1-2009,61,52,493.0
2009,4,22-4-2009,66,52,986.0
2007,12,15-12-2007,66,52,472.8
2009,5,2-5-2009,68,52,98.6
2008,9,27-9-2008,77,52,1972.0
2008,11,26-11-2008,78,52,493.0
2008,6,25-6-2008,79,52,1379.0
2009,5,15-5-2009,80,52,147.9
2008,10,24-10-2008,80,52,493.0
2008,5,15-5-2008,82,52,1379.0
2008,8,19-8-2008,86,52,147.9
2008,3,4-3-2008,86,52,1103.2
2008,5,1-5-2008,87,52,394.0
2009,5,5-5-2009,1,22,1440.0
2009,9,10-9-2009,4,22,48.0
2008,10,15-10-2008,4,22,600.0
2008,7,5-7-2008,6,22,1152.0
2009,8,6-8-2009,7,22,1560.0
2009,3,11-3-2009,10,22,288.0
2009,9,5-9-2009,12,22,96.0
2009,8,11-8-2009,12,22,960.0
2008,5,6-5-2008,12,22,2304.0
2008,7,22-7-2008,22,22,38.4
2009,9,2-9-2009,23,22,840.0
2009,8,11-8-2009,24,22,144.0
2009,6,30-6-2009,24,22,720.0
2008,5,31-5-2008,25,22,192.0
2008,4,26-4-2008,28,22,288.0
2009,1,20-1-2009,31,22,96.0
2008,3,25-3-2008,31,22,230.4
2007,11,16-11-2007,32,22,403.2
2009,7,18-7-2009,35,22,96.0
2009,6,12-6-2009,35,22,240.0
2009,7,11-7-2009,36,22,600.0
2008,7,30-7-2008,37,22,576.0
2009,8,21-8-2009,39,22,840.0
2008,12,18-12-2008,39,22,288.0
2008,6,26-6-2008,42,22,2304.0
2009,2,20-2-2009,47,22,504.0
2008,3,6-3-2008,49,22,768.0
2008,9,11-9-2008,52,22,336.0
2008,12,4-12-2008,53,22,120.0
2007,12,20-12-2007,70,22,384.0
2008,11,26-11-2008,78,22,480.0
2008,10,10-10-2008,79,22,432.0
2009,3,7-3-2009,85,22,144.0
2009,5,5-5-2009,1,49,1590.0
2008,9,18-9-2008,2,49,318.0
2009,1,15-1-2009,3,49,1060.0
2008,4,1-4-2008,3,49,848.0
2009,4,21-4-2009,7,49,6360.0
2009,8,7-8-2009,8,49,1060.0
2008,10,7-10-2008,12,49,1060.0
2009,8,20-8-2009,14,49,530.0
2008,10,17-10-2008,17,49,159.0
2008,2,27-2-2008,17,49,2035.2
2009,7,22-7-2009,19,49,424.0
2009,9,2-9-2009,22,49,1060.0
2008,7,31-7-2008,22,49,1060.0
2009,7,31-7-2009,24,49,530.0
2009,4,8-4-2009,24,49,1484.0
2008,10,11-10-2008,24,49,2650.0
2007,11,13-11-2007,26,49,1484.0
2009,8,28-8-2009,28,49,1272.0
2009,2,21-2-2009,29,49,1484.0
2009,6,11-6-2009,30,49,106.0
2009,3,13-3-2009,32,49,1590.0
2009,7,18-7-2009,35,49,2120.0
2009,7,25-7-2009,38,49,848.0
2009,8,8-8-2009,41,49,795.0
2009,8,19-8-2009,42,49,2332.0
2008,10,1-10-2008,42,49,2544.0
2008,7,29-7-2008,43,49,127.2
2009,1,16-1-2009,44,49,1060.0
2009,2,28-2-2009,45,49,371.0
2008,10,9-10-2008,47,49,1060.0
2008,5,3-5-2008,51,49,763.2
2008,1,2-1-2008,57,49,84.8
2009,5,15-5-2009,59,49,318.0
2009,6,5-6-2009,61,49,159.0
2007,11,10-11-2007,63,49,1696.0
2009,5,2-5-2009,74,49,530.0
2008,7,17-7-2008,74,49,763.2
2009,5,28-5-2009,77,49,212.0
2008,12,20-12-2008,82,49,795.0
2009,5,5-5-2009,1,39,647.25
2009,3,31-3-2009,2,39,776.7
2008,5,8-5-2008,4,39,372.6
2009,6,24-6-2009,5,39,388.35
2008,9,16-9-2008,5,39,258.9
2008,9,4-9-2008,5,39,517.8
2009,9,5-9-2009,6,39,103.56
2008,7,5-7-2008,6,39,579.6
2007,11,28-11-2007,7,39,1242.0
2009,4,25-4-2009,10,39,388.35
2009,3,11-3-2009,10,39,388.35
2009,6,26-6-2009,17,39,932.04
2008,4,18-4-2008,17,39,372.6
2009,7,23-7-2009,22,39,776.7
2008,9,13-9-2008,23,39,388.35
2008,2,16-2-2008,24,39,724.5
2009,3,14-3-2009,29,39,388.35
2009,1,6-1-2009,29,39,51.78
2008,3,1-3-2008,38,39,310.5
2009,6,25-6-2009,39,39,906.15
2008,7,12-7-2008,39,39,165.6
2009,8,15-8-2009,46,39,388.35
2008,10,11-10-2008,49,39,517.8
2009,7,7-7-2009,50,39,25.89
2008,1,22-1-2008,50,39,207.0
2007,12,21-12-2007,50,39,124.2
2008,2,20-2-2008,59,39,165.6
2009,6,10-6-2009,70,39,1035.6
2008,9,5-9-2008,70,39,258.9
2009,3,3-3-2009,73,39,77.67
2009,5,22-5-2009,78,39,517.8
2009,1,3-1-2009,85,39,776.7
2009,1,20-1-2009,1,62,570.0
2007,11,17-11-2007,2,62,380.0
2008,9,6-9-2008,3,62,570.0
2008,5,14-5-2008,10,62,76.0
2009,8,4-8-2009,12,62,760.0
2008,12,2-12-2008,12,62,1045.0
2009,8,22-8-2009,13,62,665.0
2009,7,14-7-2009,15,62,570.0
2009,2,4-2-2009,17,62,114.0
2008,1,11-1-2008,17,62,608.0
2008,10,15-10-2008,20,62,475.0
2008,11,29-11-2008,25,62,399.0
2008,4,9-4-2008,25,62,91.2
2008,3,27-3-2008,25,62,304.0
2009,7,9-7-2009,26,62,475.0
2008,12,31-12-2008,26,62,285.0
2009,8,13-8-2009,35,62,342.0
2009,5,26-5-2009,37,62,950.0
2009,6,25-6-2009,39,62,380.0
2009,3,3-3-2009,39,62,760.0
2007,12,7-12-2007,40,62,456.0
2008,9,9-9-2008,42,62,570.0
2008,1,30-1-2008,42,62,182.4
2009,8,15-8-2009,47,62,304.0
2008,3,6-3-2008,49,62,608.0
2008,2,29-2-2008,49,62,304.0
2009,2,21-2-2009,56,62,95.0
2009,4,3-4-2009,59,62,380.0
2009,4,24-4-2009,65,62,570.0
2008,9,27-9-2008,74,62,1140.0
2009,3,19-3-2009,84,62,114.0
2008,12,27-12-2008,1,43,570.0
2009,8,6-8-2009,7,43,1881.0
2008,11,14-11-2008,7,43,3420.0
2008,6,17-6-2008,12,43,2052.0
2008,8,16-8-2008,13,43,712.5
2009,9,3-9-2009,19,43,114.0
2009,6,17-6-2009,24,43,855.0
2009,9,1-9-2009,26,43,285.0
2008,9,12-9-2008,27,43,570.0
2009,8,8-8-2009,30,43,199.5
2009,7,2-7-2009,30,43,427.5
2008,8,27-8-2008,31,43,427.5
2009,8,27-8-2009,33,43,114.0
2008,10,2-10-2008,35,43,285.0
2009,8,25-8-2009,38,43,171.0
2008,7,1-7-2008,40,43,570.0
2008,5,24-5-2008,42,43,364.8
2009,2,28-2-2009,45,43,285.0
2009,7,3-7-2009,53,43,142.5
2009,4,14-4-2009,55,43,570.0
2009,7,11-7-2009,68,43,855.0
2009,3,17-3-2009,73,43,570.0
2009,5,12-5-2009,77,43,855.0
2009,3,6-3-2009,86,43,142.5
2008,12,27-12-2008,1,44,300.0
2008,7,5-7-2008,6,44,320.0
2009,8,6-8-2009,7,44,650.0
2008,6,6-6-2008,7,44,400.0
2008,4,5-4-2008,7,44,40.0
2008,5,14-5-2008,10,44,240.0
2009,6,6-6-2009,13,44,400.0
2008,8,16-8-2008,13,44,120.0
2009,8,27-8-2009,15,44,200.0
2009,1,30-1-2009,15,44,120.0
2009,9,3-9-2009,19,44,30.0
2009,7,22-7-2009,19,44,120.0
2008,12,3-12-2008,19,44,80.0
2008,8,27-8-2008,31,44,400.0
2009,3,13-3-2009,32,44,400.0
2008,10,2-10-2008,35,44,60.0
2009,7,11-7-2009,36,44,360.0
2009,3,11-3-2009,37,44,300.0
2009,8,25-8-2009,38,44,150.0
2008,7,2-7-2008,39,44,320.0
2008,2,23-2-2008,40,44,80.0
2009,1,10-1-2009,42,44,600.0
2008,9,20-9-2008,43,44,150.0
2008,7,29-7-2008,43,44,112.0
2009,2,28-2-2009,45,44,50.0
2009,7,10-7-2009,49,44,600.0
2009,2,28-2-2009,49,44,320.0
2008,12,12-12-2008,49,44,250.0
2008,7,22-7-2008,51,44,168.0
2008,5,3-5-2008,51,44,80.0
2009,7,31-7-2009,52,44,400.0
2009,6,13-6-2009,53,44,200.0
2007,11,24-11-2007,57,44,160.0
2008,5,16-5-2008,58,44,96.0
2008,11,28-11-2008,72,44,60.0
2009,6,19-6-2009,73,44,400.0
2009,4,9-4-2009,82,44,400.0
2008,12,9-12-2008,86,44,420.0
2007,11,23-11-2007,89,44,80.0
2008,10,8-10-2008,1,67,835.2
2008,9,18-9-2008,2,67,730.8
2009,7,11-7-2009,3,67,556.8
2007,12,8-12-2007,4,67,667.2
2008,8,9-8-2008,5,67,695.0
2008,2,21-2-2008,6,67,695.0
2007,12,22-12-2007,6,67,83.4
2008,4,29-4-2008,7,67,667.2
2008,4,10-4-2008,10,67,1167.6
2009,7,16-7-2009,12,67,1740.0
2008,11,26-11-2008,12,67,417.6
2007,12,6-12-2007,13,67,556.0
2008,9,10-9-2008,15,67,313.2
2009,5,9-5-2009,16,67,1392.0
2009,8,5-8-2009,23,67,696.0
2008,9,16-9-2008,24,67,835.2
2009,3,21-3-2009,28,67,1218.0
2008,12,25-12-2008,37,67,2088.0
2008,2,14-2-2008,39,67,1112.0
2009,8,19-8-2009,42,67,1218.0
2009,3,25-3-2009,42,67,243.6
2008,9,19-9-2008,43,67,34.8
2008,5,3-5-2008,49,67,583.8
2008,2,29-2-2008,49,67,695.0
2009,1,2-1-2009,52,67,522.0
2009,8,6-8-2009,56,67,69.6
2009,7,23-7-2009,58,67,174.0
2009,4,24-4-2009,65,67,1044.0
2008,10,25-10-2008,66,67,1044.0
2009,5,2-5-2009,68,67,348.0
2009,7,9-7-2009,71,67,348.0
2008,6,11-6-2008,76,67,278.0
2008,7,4-7-2008,77,67,1112.0
2009,5,26-5-2009,78,67,522.0
2008,1,10-1-2008,79,67,556.0
2007,12,5-12-2007,83,67,111.2
2007,12,12-12-2007,84,67,194.6
2007,11,9-11-2007,84,67,174.0
2008,5,23-5-2008,1,61,10540.0
2009,6,23-6-2009,4,61,10540.0
2008,7,24-7-2008,4,61,6324.0
2008,3,18-3-2008,7,61,4216.0
2008,4,10-4-2008,10,61,8432.0
2008,8,30-8-2008,11,61,3952.5
2009,8,22-8-2009,13,61,6587.5
2009,5,13-5-2009,15,61,7905.0
2008,12,5-12-2008,15,61,3952.5
2009,8,1-8-2009,26,61,15810.0
2009,4,24-4-2009,26,61,1317.5
2008,9,23-9-2008,26,61,1054.0
2008,3,20-3-2008,27,61,10540.0
2009,7,25-7-2009,34,61,1317.5
2009,5,13-5-2009,39,61,7905.0
2009,6,9-6-2009,42,61,15810.0
2008,9,23-9-2008,42,61,7905.0
2009,5,20-5-2009,45,61,527.0
2009,5,21-5-2009,46,61,2108.0
2009,5,6-5-2009,56,61,2635.0
2008,2,20-2-2008,59,61,4216.0
2009,1,22-1-2009,70,61,3952.5
2008,3,29-3-2008,79,61,2108.0
2008,5,30-5-2008,86,61,10329.2
2008,5,23-5-2008,1,14,364.0
2009,9,10-9-2009,4,14,26.0
2009,8,11-8-2009,4,14,390.0
2008,8,9-8-2008,5,14,260.0
2009,5,16-5-2009,6,14,195.0
2009,4,22-4-2009,6,14,195.0
2009,9,8-9-2009,10,14,364.0
2008,7,29-7-2008,13,14,312.0
2009,9,4-9-2009,14,14,130.0
2009,5,9-5-2009,16,14,260.0
2009,1,1-1-2009,17,14,455.0
2007,11,21-11-2007,22,14,156.0
2009,6,20-6-2009,26,14,520.0
2009,2,6-2-2009,26,14,390.0
2008,1,2-1-2008,33,14,104.0
2009,6,19-6-2009,36,14,325.0
2009,5,27-5-2009,36,14,195.0
2009,8,8-8-2009,41,14,273.0
2008,10,4-10-2008,41,14,130.0
2009,1,10-1-2009,42,14,910.0
2008,6,26-6-2008,42,14,572.0
2009,8,15-8-2009,46,14,234.0
2009,5,22-5-2009,48,14,26.0
2009,7,10-7-2009,49,14,195.0
2009,7,17-7-2009,55,14,520.0
2008,11,21-11-2008,55,14,65.0
2008,5,7-5-2008,55,14,145.6
2008,4,4-4-2008,55,14,72.8
2008,11,6-11-2008,57,14,260.0
2008,5,28-5-2008,57,14,104.0
2009,8,4-8-2009,58,14,195.0
2008,8,5-8-2008,64,14,72.8
2007,11,20-11-2007,67,14,124.8
2008,4,4-4-2008,69,14,52.0
2009,3,17-3-2009,73,14,26.0
2008,10,28-10-2008,80,14,234.0
2008,8,8-8-2008,81,14,52.0
2008,11,11-11-2008,86,14,780.0
2008,5,23-5-2008,1,35,360.0
2008,3,7-3-2008,5,35,40.0
2009,5,27-5-2009,11,35,250.0
2009,9,5-9-2009,12,35,687.5
2009,7,16-7-2009,12,35,1000.0
2009,3,5-3-2009,12,35,562.5
2009,2,14-2-2009,12,35,500.0
2007,12,29-12-2007,16,35,30.0
2008,12,11-12-2008,20,35,225.0
2008,9,3-9-2008,21,35,75.0
2008,8,5-8-2008,22,35,300.0
2008,7,5-7-2008,24,35,210.0
2009,7,1-7-2009,26,35,250.0
2009,8,29-8-2009,28,35,525.0
2009,4,29-4-2009,30,35,187.5
2009,6,23-6-2009,35,35,225.0
2008,1,17-1-2008,35,35,150.0
2009,4,11-4-2009,41,35,500.0
2008,9,23-9-2008,42,35,437.5
2009,1,14-1-2009,44,35,125.0
2008,1,23-1-2008,44,35,30.0
2009,8,14-8-2009,50,35,25.0
2008,9,11-9-2008,52,35,250.0
2008,5,7-5-2008,55,35,600.0
2009,4,3-4-2009,59,35,75.0
2008,4,23-4-2008,59,35,80.0
2008,2,19-2-2008,64,35,100.0
2008,1,15-1-2008,65,35,200.0
2009,6,11-6-2009,74,35,250.0
2008,2,26-2-2008,77,35,100.0
2009,5,20-5-2009,78,35,300.0
2009,4,28-4-2009,82,35,225.0
2008,12,6-12-2008,86,35,187.5
2008,5,30-5-2008,86,35,300.0
2008,5,23-5-2008,1,4,19.2
2009,9,10-9-2009,2,4,360.0
2009,6,16-6-2009,3,4,252.0
2009,9,10-9-2009,4,4,36.0
2009,8,8-8-2009,6,4,240.0
2008,4,29-4-2008,7,4,432.0
2009,2,26-2-2009,12,4,288.0
2009,1,9-1-2009,12,4,540.0
2008,2,13-2-2008,12,4,288.0
2009,2,12-2-2009,13,4,216.0
2008,6,4-6-2008,16,4,192.0
2009,5,12-5-2009,20,4,420.0
2007,12,28-12-2007,20,4,144.0
2008,5,2-5-2008,22,4,268.8
2009,8,11-8-2009,24,4,300.0
2008,6,28-6-2008,25,4,96.0
2009,7,28-7-2009,33,4,108.0
2008,7,11-7-2008,33,4,48.0
2009,7,16-7-2009,43,4,180.0
2009,8,18-8-2009,45,4,36.0
2009,3,24-3-2009,47,4,336.0
2008,12,30-12-2008,48,4,24.0
2009,1,21-1-2009,49,4,720.0
2008,12,30-12-2008,67,4,252.0
2008,7,4-7-2008,77,4,192.0
2008,6,12-6-2008,79,4,48.0
2008,8,26-8-2008,85,4,108.0
2008,3,5-3-2008,1,46,16.0
2009,7,21-7-2009,2,46,37.5
2008,9,18-9-2008,5,46,75.0
2008,4,19-4-2008,7,46,120.0
2009,7,3-7-2009,10,46,100.0
2009,7,4-7-2009,11,46,75.0
2009,5,12-5-2009,12,46,40.0
2009,1,28-1-2009,12,46,75.0
2008,11,26-11-2008,12,46,35.0
2009,6,6-6-2009,13,46,87.5
2007,12,6-12-2007,13,46,120.0
2008,9,10-9-2008,15,46,20.0
2008,10,14-10-2008,16,46,50.0
2009,9,2-9-2009,21,46,25.0
2009,8,20-8-2009,23,46,75.0
2008,6,28-6-2008,25,46,40.0
2009,8,28-8-2009,28,46,37.5
2008,5,17-5-2008,28,46,98.0
2008,12,19-12-2008,31,46,50.0
2007,11,14-11-2007,36,46,50.0
2008,8,28-8-2008,42,46,40.0
2007,12,11-12-2007,42,46,40.0
2008,9,20-9-2008,43,46,37.5
2007,12,7-12-2007,59,46,48.0
2009,7,29-7-2009,62,46,17.5
2008,7,18-7-2008,68,46,24.0
2009,1,30-1-2009,75,46,75.0
2009,1,27-1-2009,75,46,20.0
2009,5,30-5-2009,77,46,10.0
2008,10,24-10-2008,80,46,35.0
2008,5,21-5-2008,85,46,100.0
2008,5,22-5-2008,87,46,40.0
2008,3,5-3-2008,1,59,396.0
2007,11,17-11-2007,2,59,1320.0
2008,7,24-7-2008,4,59,2640.0
2009,4,16-4-2009,5,59,1375.0
2009,5,16-5-2009,6,59,2200.0
2009,8,18-8-2009,7,59,6050.0
2008,6,6-6-2008,7,59,3080.0
2009,8,25-8-2009,9,59,1650.0
2008,1,18-1-2008,11,59,440.0
2009,8,22-8-2009,12,59,5500.0
2009,4,3-4-2009,12,59,385.0
2008,2,13-2-2008,12,59,1760.0
2009,8,22-8-2009,13,59,1650.0
2008,12,5-12-2008,15,59,1650.0
2009,3,10-3-2009,16,59,550.0
2009,2,17-2-2009,17,59,2310.0
2008,10,17-10-2008,17,59,2200.0
2008,1,11-1-2008,17,59,1320.0
2008,8,29-8-2008,18,59,220.0
2009,6,2-6-2009,20,59,2310.0
2008,11,20-11-2008,22,59,1925.0
2008,8,5-8-2008,22,59,2640.0
2009,2,18-2-2009,24,59,1925.0
2008,5,17-5-2008,28,59,704.0
2008,5,17-5-2008,28,59,396.0
2008,5,30-5-2008,29,59,880.0
2009,5,27-5-2009,36,59,2750.0
2009,2,20-2-2009,38,59,440.0
2009,8,21-8-2009,39,59,1320.0
2009,5,2-5-2009,39,59,1375.0
2008,7,2-7-2008,39,59,1584.0
2009,3,28-3-2009,40,59,1375.0
2009,3,25-3-2009,42,59,2475.0
2009,2,10-2-2009,42,59,1375.0
2009,7,18-7-2009,43,59,220.0
2009,1,16-1-2009,44,59,55.0
2008,4,24-4-2008,46,59,528.0
2009,5,22-5-2009,48,59,825.0
2008,8,1-8-2008,49,59,1320.0
2007,12,4-12-2007,49,59,3080.0
2009,6,24-6-2009,52,59,2200.0
2009,8,12-8-2009,53,59,550.0
2009,8,7-8-2009,55,59,990.0
2008,9,12-9-2008,58,59,110.0
2008,2,19-2-2008,64,59,396.0
2007,12,13-12-2007,65,59,264.0
2008,10,25-10-2008,66,59,660.0
2009,5,6-5-2009,67,59,825.0
2009,3,27-3-2009,68,59,330.0
2007,12,18-12-2007,70,59,660.0
2008,9,17-9-2008,75,59,825.0
2009,1,28-1-2009,79,59,660.0
2008,7,25-7-2008,82,59,528.0
2008,11,25-11-2008,86,59,1100.0
2009,9,10-9-2009,2,2,190.0
2007,11,17-11-2007,2,2,304.0
2009,9,10-9-2009,4,2,456.0
2009,6,2-6-2009,4,2,285.0
2009,9,9-9-2009,5,2,380.0
2009,9,9-9-2009,7,2,152.0
2007,11,22-11-2007,7,2,760.0
2009,8,22-8-2009,12,2,1900.0
2009,3,5-3-2009,12,2,57.0
2009,2,26-2-2009,12,2,570.0
2008,6,17-6-2008,12,2,684.0
2008,5,1-5-2008,12,2,380.0
2008,8,16-8-2008,13,2,228.0
2008,7,15-7-2008,13,2,608.0
2008,2,27-2-2008,17,2,106.4
2008,1,11-1-2008,17,2,608.0
2009,6,2-6-2009,20,2,95.0
2009,5,12-5-2009,20,2,228.0
2008,12,11-12-2008,20,2,380.0
2008,12,27-12-2008,22,2,950.0
2009,2,18-2-2009,24,2,95.0
2008,2,16-2-2008,24,2,380.0
2007,11,29-11-2007,24,2,532.0
2009,4,25-4-2009,25,2,285.0
2009,8,29-8-2009,29,2,190.0
2009,4,29-4-2009,30,2,190.0
2008,11,29-11-2008,30,2,190.0
2008,12,19-12-2008,31,2,570.0
2009,8,27-8-2009,32,2,570.0
2009,6,23-6-2009,35,2,380.0
2009,6,19-6-2009,36,2,380.0
2008,7,30-7-2008,37,2,304.0
2009,4,11-4-2009,41,2,760.0
2009,8,19-8-2009,42,2,209.0
2009,8,6-8-2009,42,2,950.0
2008,5,24-5-2008,42,2,912.0
2009,3,21-3-2009,47,2,285.0
2008,3,6-3-2008,49,2,364.8
2009,7,15-7-2009,65,2,190.0
2009,5,20-5-2009,68,2,190.0
2009,6,10-6-2009,70,2,399.0
2009,6,4-6-2009,75,2,380.0
2008,6,11-6-2008,76,2,152.0
2009,5,7-5-2009,77,2,380.0
2009,9,10-9-2009,2,3,36.0
2009,3,13-3-2009,3,3,360.0
2008,10,21-10-2008,4,3,540.0
2008,11,13-11-2008,5,3,72.0
2008,3,7-3-2008,5,3,216.0
2008,4,2-4-2008,9,3,172.8
2009,7,24-7-2009,10,3,1080.0
2008,2,7-2-2008,11,3,432.0
2008,12,2-12-2008,12,3,1440.0
2009,2,17-2-2009,17,3,630.0
2008,11,1-11-2008,19,3,252.0
2009,9,1-9-2009,24,3,900.0
2008,6,10-6-2008,24,3,259.2
2008,5,31-5-2008,25,3,288.0
2008,5,21-5-2008,25,3,201.6
2008,9,12-9-2008,27,3,900.0
2009,3,14-3-2009,29,3,360.0
2008,7,19-7-2008,36,3,604.8
2009,5,8-5-2009,38,3,900.0
2008,12,18-12-2008,39,3,630.0
2009,8,6-8-2009,42,3,1620.0
2009,7,24-7-2009,42,3,792.0
2007,12,11-12-2007,42,3,475.2
2009,1,16-1-2009,44,3,180.0
2009,2,17-2-2009,48,3,270.0
2007,12,4-12-2007,49,3,216.0
2009,8,12-8-2009,52,3,108.0
2009,6,17-6-2009,53,3,180.0
2008,5,7-5-2008,55,3,504.0
2009,8,4-8-2009,58,3,180.0
2009,6,5-6-2009,61,3,360.0
2009,7,10-7-2009,62,3,360.0
2008,11,22-11-2008,64,3,180.0
2008,10,25-10-2008,66,3,180.0
2009,3,27-3-2009,68,3,180.0
2008,2,6-2-2008,68,3,86.4
2009,7,10-7-2009,69,3,90.0
2009,5,23-5-2009,70,3,378.0
2008,10,17-10-2008,79,3,180.0
2009,8,22-8-2009,2,63,1296.0
2008,5,27-5-2008,2,63,576.0
2009,4,2-4-2009,3,63,900.0
2008,11,13-11-2008,5,63,720.0
2008,1,9-1-2008,6,63,432.0
2009,1,17-1-2009,7,63,1620.0
2008,11,14-11-2008,7,63,2340.0
2009,6,25-6-2009,12,63,1800.0
2009,2,10-2-2009,13,63,1080.0
2009,3,31-3-2009,18,63,108.0
2009,5,1-5-2009,22,63,864.0
2008,10,3-10-2008,22,63,648.0
2008,5,2-5-2008,22,63,230.4
2008,4,2-4-2008,23,63,864.0
2008,8,7-8-2008,25,63,288.0
2008,3,18-3-2008,25,63,518.4
2009,8,19-8-2009,26,63,1080.0
2009,3,26-3-2009,27,63,1080.0
2008,4,30-4-2008,27,63,1440.0
2008,12,26-12-2008,31,63,720.0
2008,3,25-3-2008,31,63,576.0
2009,3,26-3-2009,32,63,1440.0
2009,7,25-7-2009,34,63,360.0
2008,11,4-11-2008,40,63,360.0
2008,5,14-5-2008,41,63,432.0
2009,7,24-7-2009,42,63,324.0
2009,2,28-2-2009,49,63,900.0
2008,9,11-9-2008,52,63,360.0
2009,4,3-4-2009,59,63,720.0
2008,1,24-1-2008,71,63,28.8
2008,1,26-1-2008,72,63,201.6
2009,8,22-8-2009,2,37,2296.0
2008,7,24-7-2008,4,37,733.6
2008,8,15-8-2008,8,37,196.8
2009,5,16-5-2009,9,37,656.0
2009,9,5-9-2009,12,37,820.0
2009,2,25-2-2009,12,37,3936.0
2008,8,16-8-2008,13,37,328.0
2009,9,4-9-2009,16,37,328.0
2009,2,25-2-2009,17,37,98.4
2008,4,18-4-2008,17,37,524.0
2008,5,2-5-2008,22,37,1834.0
2008,1,29-1-2008,31,37,524.0
2008,7,1-7-2008,40,37,1310.0
2008,6,12-6-2008,40,37,393.0
2008,5,23-5-2008,40,37,262.0
2009,5,22-5-2009,41,37,295.2
2009,7,24-7-2009,42,37,656.0
2007,12,26-12-2007,42,37,943.2
2009,6,10-6-2009,44,37,98.4
2008,9,3-9-2008,46,37,164.0
2008,10,9-10-2008,47,37,590.4
2009,1,24-1-2009,49,37,328.0
2008,1,22-1-2008,50,37,262.0
2008,5,28-5-2008,57,37,393.0
2007,11,20-11-2007,67,37,393.0
2009,7,11-7-2009,68,37,65.6
2008,12,16-12-2008,70,37,393.6
2008,4,25-4-2008,74,37,1048.0
2008,10,24-10-2008,75,37,820.0
2009,1,3-1-2009,85,37,820.0
2009,7,21-7-2009,2,9,387.5
2009,7,11-7-2009,3,9,155.0
2009,9,10-9-2009,4,9,31.0
2009,4,8-4-2009,4,9,139.5
2008,1,5-1-2008,4,9,37.2
2008,10,8-10-2008,5,9,155.0
2009,4,17-4-2009,7,9,54.25
2008,8,27-8-2008,7,9,387.5
2008,7,18-7-2008,8,9,62.0
2008,4,2-4-2008,9,9,74.4
2009,4,25-4-2009,10,9,325.5
2008,1,4-1-2008,11,9,37.2
2009,6,25-6-2009,12,9,930.0
2009,3,5-3-2009,12,9,325.5
2008,8,23-8-2008,12,9,279.0
2008,11,15-11-2008,13,9,232.5
2009,3,18-3-2009,17,9,155.0
2009,5,14-5-2009,21,9,155.0
2008,12,3-12-2008,22,9,310.0
2008,10,3-10-2008,22,9,232.5
2008,8,5-8-2008,22,9,223.2
2009,8,1-8-2009,24,9,310.0
2009,7,22-7-2009,24,9,93.0
2008,7,5-7-2008,24,9,24.8
2008,12,19-12-2008,25,9,62.0
2009,7,30-7-2009,28,9,77.5
2009,7,23-7-2009,29,9,155.0
2009,8,8-8-2009,30,9,232.5
2008,1,29-1-2008,31,9,62.0
2009,7,2-7-2009,34,9,108.5
2009,4,28-4-2009,42,9,310.0
2009,7,10-7-2009,49,9,379.75
2009,1,21-1-2009,49,9,193.75
2008,2,15-2-2008,60,9,310.0
2009,7,29-7-2009,62,9,77.5
2009,7,9-7-2009,70,9,46.5
2008,10,23-10-2008,70,9,116.25
2007,12,20-12-2007,70,9,186.0
2008,10,30-10-2008,73,9,162.75
2009,1,30-1-2009,75,9,232.5
2008,6,12-6-2008,79,9,148.8
2008,10,28-10-2008,80,9,155.0
2008,12,20-12-2008,82,9,15.5
2009,4,24-4-2009,83,9,77.5
2008,10,31-10-2008,85,9,387.5
2008,3,13-3-2008,85,9,37.2
2009,7,21-7-2009,2,26,57.9
2008,3,5-3-2008,3,26,92.4
2009,9,10-9-2009,4,26,28.95
2008,2,2-2-2008,4,26,77.0
2009,9,9-9-2009,7,26,386.0
2008,3,18-3-2008,7,26,100.1
2009,9,8-9-2009,9,26,86.85
2009,9,5-9-2009,12,26,115.8
2009,2,25-2-2009,12,26,405.3
2009,1,28-1-2009,12,26,1158.0
2009,1,9-1-2009,12,26,231.6
2009,1,8-1-2009,16,26,193.0
2009,9,4-9-2009,17,26,289.5
2008,8,29-8-2008,17,26,772.0
2008,9,3-9-2008,21,26,96.5
2009,7,24-7-2009,22,26,231.6
2009,6,30-6-2009,22,26,289.5
2009,8,6-8-2009,24,26,337.75
2009,5,16-5-2009,24,26,115.8
2007,11,29-11-2007,24,26,192.5
2007,11,13-11-2007,26,26,77.0
2009,3,26-3-2009,27,26,337.75
2008,5,17-5-2008,28,26,192.5
2009,2,3-2-2009,29,26,38.6
2009,8,15-8-2009,37,26,270.2
2009,8,8-8-2009,41,26,193.0
2008,10,31-10-2008,41,26,86.85
2007,11,24-11-2007,41,26,123.2
2009,7,3-7-2009,46,26,48.25
2009,4,30-4-2009,47,26,135.1
2009,4,29-4-2009,49,26,193.0
2009,4,14-4-2009,55,26,289.5
2009,8,5-8-2009,57,26,38.6
2008,4,17-4-2008,57,26,61.6
2009,7,29-7-2009,62,26,57.9
2008,9,30-9-2008,63,26,135.1
2009,5,14-5-2009,65,26,193.0
2008,2,6-2-2008,68,26,154.0
2009,4,22-4-2009,70,26,96.5
2008,6,19-6-2008,70,26,231.0
2009,6,23-6-2009,72,26,135.1
2008,9,5-9-2008,74,26,57.9
2009,5,12-5-2009,77,26,193.0
2008,10,10-10-2008,79,26,115.8
2008,8,8-8-2008,81,26,154.0
2009,3,18-3-2009,84,26,115.8
2009,3,7-3-2009,85,26,115.8
2009,7,11-7-2009,2,48,585.0
2009,4,2-4-2009,3,48,273.0
2009,5,16-5-2009,6,48,292.5
2009,5,23-5-2009,7,48,468.0
2008,4,5-4-2008,7,48,390.0
2009,8,1-8-2009,12,48,292.5
2008,11,1-11-2008,19,48,78.0
2009,6,2-6-2009,20,48,195.0
2009,9,2-9-2009,22,48,390.0
2008,11,15-11-2008,27,48,390.0
2009,8,26-8-2009,37,48,546.0
2008,5,23-5-2008,40,48,312.0
2007,11,24-11-2007,41,48,780.0
2008,10,29-10-2008,43,48,117.0
2009,7,4-7-2009,45,48,390.0
2009,2,20-2-2009,47,48,780.0
2008,3,22-3-2008,47,48,390.0
2007,12,21-12-2007,50,48,31.2
2008,2,15-2-2008,60,48,249.6
2008,6,13-6-2008,63,48,234.0
2008,9,17-9-2008,75,48,97.5
2007,11,13-11-2007,77,48,234.0
2009,5,19-5-2009,79,48,292.5
2009,7,11-7-2009,2,25,252.0
2009,7,16-7-2009,3,25,120.0
2009,9,10-9-2009,4,25,24.0
2009,9,9-9-2009,6,25,60.0
2009,6,3-6-2009,7,25,390.0
2008,12,20-12-2008,7,25,78.0
2009,8,25-8-2009,9,25,42.0
2008,4,29-4-2008,9,25,86.4
2007,12,14-12-2007,11,25,48.0
2009,8,22-8-2009,12,25,480.0
2009,8,11-8-2009,12,25,336.0
2009,8,1-8-2009,12,25,504.0
2009,6,25-6-2009,12,25,168.0
2009,9,3-9-2009,20,25,180.0
2008,12,3-12-2008,22,25,48.0
2008,11,20-11-2008,22,25,360.0
2009,5,21-5-2009,25,25,18.0
2009,7,1-7-2009,26,25,240.0
2009,3,26-3-2009,32,25,36.0
2009,5,2-5-2009,39,25,120.0
2008,2,14-2-2008,39,25,57.6
2009,8,20-8-2009,40,25,120.0
2008,9,9-9-2008,40,25,60.0
2008,8,21-8-2008,41,25,60.0
2009,7,24-7-2009,42,25,462.0
2009,7,15-7-2009,42,25,120.0
2009,7,16-7-2009,43,25,90.0
2008,9,20-9-2008,43,25,48.0
2008,4,22-4-2008,47,25,96.0
2008,1,2-1-2008,57,25,96.0
2009,6,27-6-2009,58,25,30.0
2009,7,17-7-2009,66,25,120.0
2008,5,28-5-2008,67,25,9.6
2009,5,20-5-2009,68,25,60.0
2009,5,23-5-2009,70,25,36.0
2009,7,9-7-2009,71,25,60.0
2008,7,8-7-2008,76,25,4.8
2009,5,8-5-2009,81,25,42.0
2009,3,18-3-2009,84,25,24.0
2008,5,1-5-2008,87,25,48.0
2009,4,4-4-2009,2,41,600.0
2009,4,22-4-2009,6,41,525.0
2009,8,18-8-2009,7,41,450.0
2009,2,13-2-2009,7,41,120.0
2009,1,10-1-2009,10,41,600.0
2009,5,27-5-2009,11,41,180.0
2008,12,5-12-2008,15,41,225.0
2009,9,4-9-2009,16,41,180.0
2008,4,18-4-2008,17,41,360.0
2009,9,3-9-2009,18,41,45.0
2008,8,29-8-2008,18,41,90.0
2008,1,12-1-2008,20,41,240.0
2008,7,22-7-2008,22,41,144.0
2009,6,17-6-2009,24,41,750.0
2009,5,16-5-2009,24,41,135.0
2008,4,26-4-2008,28,41,360.0
2008,12,26-12-2008,31,41,225.0
2009,8,26-8-2009,35,41,60.0
2009,6,19-6-2009,36,41,450.0
2009,5,29-5-2009,36,41,450.0
2009,2,12-2-2009,37,41,450.0
2008,7,30-7-2008,37,41,720.0
2008,8,20-8-2008,39,41,210.0
2007,11,24-11-2007,41,41,252.0
2009,8,6-8-2009,42,41,300.0
2009,2,10-2-2009,42,41,750.0
2008,9,19-9-2008,43,41,105.0
2009,2,20-2-2009,47,41,420.0
2008,6,28-6-2008,47,41,300.0
2009,6,5-6-2009,62,41,60.0
2009,6,27-6-2009,67,41,45.0
2008,5,28-5-2008,67,41,96.0
2008,12,10-12-2008,68,41,300.0
2008,2,1-2-2008,68,41,360.0
2008,1,24-1-2008,71,41,60.0
2009,5,30-5-2009,77,41,450.0
2007,11,30-11-2007,79,41,240.0
2009,5,15-5-2009,80,41,90.0
2009,5,8-5-2009,81,41,75.0
2009,4,4-4-2009,2,66,624.6
2009,3,31-3-2009,2,66,374.76
2008,11,12-11-2008,5,66,156.15
2008,3,26-3-2008,6,66,398.4
2008,2,21-2-2008,6,66,1245.0
2008,12,20-12-2008,7,66,1093.05
2009,5,16-5-2009,9,66,374.76
2009,6,11-6-2009,10,66,624.6
2008,7,31-7-2008,10,66,747.0
2009,2,26-2-2009,12,66,936.9
2008,5,1-5-2008,12,66,1743.0
2009,3,6-3-2009,13,66,468.45
2008,5,29-5-2008,14,66,49.8
2009,5,1-5-2009,22,66,655.83
2009,8,20-8-2009,23,66,374.76
2009,2,4-2-2009,27,66,468.45
2008,7,3-7-2008,36,66,747.0
2009,5,30-5-2009,39,66,562.14
2009,5,13-5-2009,39,66,1249.2
2009,8,19-8-2009,42,66,1967.49
2008,9,23-9-2008,42,66,1249.2
2008,6,24-6-2008,45,66,149.4
2008,2,29-2-2008,49,66,597.6
2009,8,12-8-2009,52,66,187.38
2008,11,6-11-2008,57,66,187.38
2008,5,28-5-2008,57,66,747.0
2008,6,7-6-2008,59,66,249.0
2009,7,29-7-2009,62,66,156.15
2008,5,10-5-2008,65,66,747.0
2009,6,4-6-2009,70,66,1093.05
2008,6,19-6-2008,70,66,373.5
2009,1,27-1-2009,75,66,936.9
2009,4,4-4-2009,2,20,420.0
2009,9,10-9-2009,4,20,14.0
2009,6,6-6-2009,5,20,56.0
2009,8,8-8-2009,6,20,140.0
2008,2,9-2-2008,8,20,112.0
2009,7,24-7-2009,10,20,42.0
2009,7,3-7-2009,16,20,98.0
2008,11,6-11-2008,16,20,28.0
2008,8,29-8-2008,18,20,42.0
2008,10,15-10-2008,20,20,490.0
2009,7,9-7-2009,26,20,84.0
2009,8,26-8-2009,36,20,14.0
2008,11,13-11-2008,38,20,168.0
2009,4,30-4-2009,47,20,56.0
2008,10,9-10-2008,47,20,210.0
2009,8,11-8-2009,54,20,70.0
2009,4,14-4-2009,55,20,105.0
2009,7,29-7-2009,60,20,280.0
2009,7,10-7-2009,62,20,35.0
2008,6,21-6-2008,63,20,84.0
2009,5,8-5-2009,67,20,140.0
2009,3,14-3-2009,70,20,175.0
2009,1,31-1-2009,72,20,63.0
2008,4,25-4-2008,74,20,112.0
2008,2,26-2-2008,77,20,44.8
2008,6,25-6-2008,79,20,112.0
2008,12,10-12-2008,81,20,35.0
2009,3,19-3-2009,84,20,126.0
2009,3,7-3-2009,85,20,28.0
2009,3,31-3-2009,2,30,325.0
2009,9,9-9-2009,7,30,357.5
2008,12,24-12-2008,10,30,406.25
2008,6,5-6-2008,17,30,520.0
2008,3,18-3-2008,25,30,195.0
2009,7,18-7-2009,35,30,146.25
2009,3,11-3-2009,37,30,650.0
2009,7,8-7-2009,47,30,390.0
2008,4,22-4-2008,47,30,195.0
2008,7,10-7-2008,55,30,325.0
2009,3,31-3-2009,2,27,225.0
2008,9,18-9-2008,2,27,135.0
2009,9,10-9-2009,4,27,30.0
2008,12,16-12-2008,12,27,525.0
2009,2,10-2-2009,13,27,225.0
2009,6,18-6-2009,21,27,150.0
2009,2,18-2-2009,24,27,525.0
2008,9,16-9-2008,24,27,360.0
2008,10,9-10-2008,47,27,45.0
2009,1,21-1-2009,49,27,750.0
2008,8,1-8-2008,49,27,240.0
2008,5,28-5-2008,67,27,240.0
2007,12,18-12-2007,70,27,300.0
2008,11,20-11-2008,87,27,450.0
2009,1,17-1-2009,2,65,210.5
2009,3,12-3-2009,3,65,210.5
2008,5,8-5-2008,4,65,336.0
2009,2,13-2-2009,7,65,1368.25
2008,8,27-8-2008,7,65,820.95
2008,3,18-3-2008,7,65,168.0
2009,3,18-3-2009,17,65,842.0
2008,8,16-8-2008,17,65,421.0
2008,6,21-6-2008,20,65,588.0
2009,8,20-8-2009,23,65,442.05
2008,8,7-8-2008,25,65,252.0
2009,7,1-7-2009,26,65,442.05
2008,9,23-9-2008,26,65,757.8
2007,11,13-11-2007,26,65,252.0
2008,11,15-11-2008,27,65,252.6
2009,6,12-6-2009,35,65,442.05
2008,1,17-1-2008,35,65,504.0
2008,12,25-12-2008,37,65,442.05
2009,6,3-6-2009,38,65,315.75
2008,10,31-10-2008,41,65,631.5
2009,4,10-4-2009,42,65,1684.0
2008,6,26-6-2008,42,65,470.4
2009,6,17-6-2009,53,65,210.5
2008,4,4-4-2008,55,65,252.0
2008,4,17-4-2008,57,65,336.0
2009,1,22-1-2009,61,65,252.6
2009,1,15-1-2009,64,65,315.75
2008,2,19-2-2008,64,65,672.0
2008,4,4-4-2008,69,65,84.0
2009,6,19-6-2009,73,65,252.6
2009,5,7-5-2009,77,65,42.1
2007,11,13-11-2007,77,65,336.0
2009,1,17-1-2009,2,60,4456.44
2009,4,16-4-2009,5,60,2228.22
2009,2,13-2-2009,7,60,1485.48
2008,4,19-4-2008,7,60,1386.0
2008,3,21-3-2008,8,60,396.0
2009,8,22-8-2009,12,60,7427.4
2008,8,23-8-2008,12,60,4456.44
2008,6,17-6-2008,12,60,2376.0
2009,8,12-8-2009,15,60,247.58
2009,7,3-7-2009,17,60,7427.4
2009,6,26-6-2009,17,60,9903.2
2009,2,4-2-2009,17,60,1237.9
2008,5,8-5-2008,23,60,2079.0
2009,8,6-8-2009,24,60,6189.5
2009,4,25-4-2009,25,60,2475.8
2008,1,2-1-2008,33,60,1485.0
2008,12,17-12-2008,35,60,2475.8
2008,1,19-1-2008,38,60,2475.0
2009,6,25-6-2009,39,60,2970.96
2008,11,4-11-2008,40,60,1237.9
2009,2,7-2-2009,42,60,4951.6
2009,4,29-4-2009,49,60,1733.06
2009,8,13-8-2009,51,60,1237.9
2008,12,12-12-2008,54,60,742.74
2008,7,10-7-2008,55,60,1782.0
2008,4,8-4-2008,59,60,1980.0
2009,5,5-5-2009,60,60,2475.8
2009,7,29-7-2009,61,60,1733.06
2009,6,4-6-2009,70,60,1237.9
2009,5,22-5-2009,78,60,990.32
2008,3,29-3-2008,79,60,3465.0
2007,12,5-12-2007,83,60,990.0
2008,9,18-9-2008,2,29,375.0
2009,3,12-3-2009,3,29,37.5
2008,10,21-10-2008,4,29,437.5
2008,10,15-10-2008,4,29,75.0
2007,12,8-12-2007,4,29,400.0
2009,9,9-9-2009,5,29,250.0
2008,9,18-9-2008,5,29,250.0
2009,7,31-7-2009,7,29,300.0
2009,4,21-4-2009,7,29,200.0
2009,4,17-4-2009,7,29,875.0
2008,4,29-4-2008,7,29,600.0
2008,4,2-4-2008,9,29,200.0
2009,1,10-1-2009,10,29,250.0
2008,10,28-10-2008,11,29,250.0
2009,7,16-7-2009,12,29,550.0
2009,3,5-3-2009,12,29,625.0
2008,5,1-5-2008,12,29,320.0
2009,5,9-5-2009,16,29,200.0
2008,10,17-10-2008,17,29,750.0
2008,2,27-2-2008,17,29,250.0
2009,4,23-4-2009,21,29,12.5
2009,2,19-2-2009,22,29,250.0
2009,4,17-4-2009,24,29,25.0
2009,6,20-6-2009,26,29,437.5
2009,4,24-4-2009,26,29,125.0
2007,11,15-11-2007,26,29,200.0
2009,3,26-3-2009,27,29,100.0
2008,5,30-5-2008,29,29,140.0
2008,4,11-4-2008,30,29,300.0
2009,1,20-1-2009,31,29,100.0
2008,3,25-3-2008,31,29,300.0
2008,7,19-7-2008,36,29,350.0
2009,7,22-7-2009,37,29,312.5
2009,6,3-6-2009,38,29,175.0
2009,1,29-1-2009,38,29,250.0
2008,2,14-2-2008,39,29,40.0
2008,10,4-10-2008,40,29,375.0
2009,5,22-5-2009,41,29,112.5
2008,10,1-10-2008,42,29,687.5
2007,12,11-12-2007,42,29,150.0
2009,8,15-8-2009,47,29,187.5
2009,7,21-7-2009,47,29,625.0
2009,4,14-4-2009,47,29,625.0
2008,3,6-3-2008,49,29,560.0
2008,6,21-6-2008,63,29,30.0
2009,7,17-7-2009,66,29,125.0
2008,3,28-3-2008,74,29,700.0
2008,8,9-8-2008,78,29,200.0
2009,5,19-5-2009,79,29,437.5
2008,11,4-11-2008,79,29,625.0
2008,4,15-4-2008,86,29,420.0
2008,9,18-9-2008,2,68,265.0
2008,1,31-1-2008,4,68,318.0
2009,7,3-7-2009,10,68,198.75
2009,2,26-2-2009,12,68,159.0
2009,7,1-7-2009,13,68,198.75
2009,1,14-1-2009,17,68,649.25
2008,4,11-4-2008,17,68,848.0
2009,6,9-6-2009,22,68,159.0
2008,2,16-2-2008,24,68,318.0
2008,4,11-4-2008,30,68,159.0
2009,7,11-7-2009,36,68,397.5
2009,2,12-2-2009,37,68,397.5
2008,11,13-11-2008,38,68,397.5
2008,12,24-12-2008,40,68,79.5
2009,5,28-5-2009,42,68,795.0
2009,8,14-8-2009,48,68,530.0
2009,1,24-1-2009,49,68,397.5
2009,5,26-5-2009,78,68,397.5
2008,5,27-5-2008,2,18,1632.0
2009,9,10-9-2009,4,18,68.0
2008,1,5-1-2008,4,18,571.2
2008,9,18-9-2008,5,18,1190.0
2007,12,25-12-2007,5,18,544.0
2008,3,26-3-2008,6,18,217.6
2007,12,22-12-2007,6,18,952.0
2009,6,25-6-2009,7,18,3400.0
2009,5,23-5-2009,7,18,2040.0
2009,8,7-8-2009,8,18,136.0
2009,3,11-3-2009,10,18,510.0
2008,4,10-4-2008,10,18,1904.0
2009,5,29-5-2009,12,18,1530.0
2009,1,9-1-2009,12,18,1020.0
2008,12,2-12-2008,12,18,1360.0
2009,9,4-9-2009,14,18,136.0
2009,9,4-9-2009,15,18,510.0
2008,4,18-4-2008,17,18,163.2
2009,9,3-9-2009,19,18,714.0
2009,9,3-9-2009,20,18,1190.0
2008,7,25-7-2008,20,18,1088.0
2009,9,2-9-2009,23,18,1700.0
2009,7,7-7-2009,28,18,850.0
2009,3,21-3-2009,28,18,1700.0
2009,2,21-2-2009,29,18,340.0
2008,11,29-11-2008,30,18,510.0
2008,9,2-9-2008,32,18,340.0
2009,8,13-8-2009,35,18,306.0
2007,11,14-11-2007,36,18,1088.0
2009,7,22-7-2009,37,18,816.0
2008,11,4-11-2008,40,18,816.0
2009,1,31-1-2009,41,18,1020.0
2009,7,15-7-2009,42,18,1666.0
2009,1,10-1-2009,42,18,1870.0
2008,8,28-8-2008,42,18,2856.0
2008,3,29-3-2008,42,18,1496.0
2009,4,14-4-2009,47,18,510.0
2009,8,14-8-2009,49,18,1224.0
2009,1,7-1-2009,49,18,680.0
2009,7,7-7-2009,50,18,340.0
2008,4,23-4-2008,59,18,544.0
2009,7,24-7-2009,64,18,68.0
2008,7,9-7-2008,64,18,544.0
2009,5,20-5-2009,68,18,714.0
2008,12,16-12-2008,70,18,680.0
2008,4,22-4-2008,70,18,408.0
2008,12,13-12-2008,71,18,340.0
2008,3,28-3-2008,74,18,2176.0
2009,5,20-5-2009,78,18,1020.0
2008,8,26-8-2008,85,18,408.0
2008,11,25-11-2008,86,18,2380.0
2009,9,10-9-2009,3,5,500.0
2009,6,12-6-2009,3,5,1250.0
2009,9,10-9-2009,4,5,25.0
2009,7,14-7-2009,5,5,500.0
2008,1,25-1-2008,17,5,600.0
2009,7,18-7-2009,28,5,300.0
2009,3,14-3-2009,29,5,750.0
2008,2,14-2-2008,39,5,120.0
2009,7,21-7-2009,48,5,400.0
2009,8,5-8-2009,57,5,1000.0
2009,5,20-5-2009,78,5,150.0
2008,12,6-12-2008,86,5,1750.0
2009,9,10-9-2009,3,6,92.0
2007,12,22-12-2007,6,6,131.4
2008,7,31-7-2008,10,6,36.5
2009,1,27-1-2009,11,6,64.4
2009,5,29-5-2009,12,6,110.4
2009,2,25-2-2009,12,6,110.4
2008,10,7-10-2008,12,6,322.0
2009,9,5-9-2009,13,6,386.4
2009,2,24-2-2009,14,6,46.0
2009,1,30-1-2009,15,6,276.0
2008,6,21-6-2008,20,6,292.0
2008,1,12-1-2008,20,6,109.5
2009,8,19-8-2009,26,6,322.0
2009,1,6-1-2009,31,6,110.4
2008,10,2-10-2008,35,6,92.0
2008,7,9-7-2008,36,6,153.3
2009,5,9-5-2009,37,6,138.0
2009,2,12-2-2009,37,6,64.4
2008,5,23-5-2008,40,6,146.0
2009,4,28-4-2009,42,6,460.0
2008,3,11-3-2008,42,6,584.0
2009,5,21-5-2009,46,6,18.4
2009,8,14-8-2009,49,6,460.0
2008,12,12-12-2008,49,6,138.0
2007,12,20-12-2007,50,6,7.3
2009,7,3-7-2009,53,6,110.4
2009,1,1-1-2009,57,6,276.0
2008,5,28-5-2008,57,6,29.2
2008,2,20-2-2008,59,6,73.0
2009,7,28-7-2009,63,6,110.4
2008,6,21-6-2008,63,6,87.6
2008,6,13-6-2008,63,6,109.5
2009,5,6-5-2009,67,6,220.8
2008,12,10-12-2008,68,6,46.0
2009,6,13-6-2009,70,6,230.0
2009,7,9-7-2009,71,6,64.4
2008,5,21-5-2008,85,6,131.4
2009,9,10-9-2009,3,7,465.0
2009,9,10-9-2009,4,7,23.25
2008,10,22-10-2008,7,7,255.75
2008,7,18-7-2008,8,7,223.2
2008,10,7-10-2008,12,7,697.5
2008,5,1-5-2008,12,7,781.2
2009,1,9-1-2009,15,7,69.75
2008,8,16-8-2008,17,7,1627.5
2008,6,3-6-2008,27,7,651.0
2008,2,14-2-2008,39,7,167.4
2009,3,28-3-2009,40,7,116.25
2008,5,20-5-2008,40,7,372.0
2008,2,23-2-2008,40,7,186.0
2008,10,31-10-2008,41,7,348.75
2009,1,24-1-2009,49,7,697.5
2008,12,12-12-2008,49,7,488.25
2009,4,30-4-2009,57,7,348.75
2008,5,16-5-2008,58,7,223.2
2007,11,10-11-2007,63,7,167.4
2009,3,14-3-2009,70,7,372.0
2008,12,13-12-2008,71,7,69.75
2008,4,12-4-2008,87,7,279.0
2009,7,16-7-2009,3,23,240.0
2008,8,23-8-2008,3,23,1500.0
2009,9,10-9-2009,4,23,30.0
2009,8,5-8-2009,4,23,1800.0
2007,11,27-11-2007,4,23,360.0
2009,9,9-9-2009,6,23,450.0
2009,7,31-7-2009,7,23,540.0
2008,11,26-11-2008,12,23,1350.0
2009,8,14-8-2009,16,23,600.0
2009,7,3-7-2009,16,23,600.0
2009,9,2-9-2009,23,23,1200.0
2009,8,5-8-2009,23,23,1800.0
2009,8,11-8-2009,24,23,1800.0
2009,8,1-8-2009,28,23,600.0
2009,4,28-4-2009,29,23,90.0
2009,5,22-5-2009,41,23,600.0
2009,4,11-4-2009,41,23,1050.0
2009,7,24-7-2009,42,23,1350.0
2009,2,10-2-2009,42,23,2700.0
2009,8,19-8-2009,43,23,120.0
2008,7,16-7-2008,43,23,720.0
2009,7,3-7-2009,46,23,360.0
2008,11,11-11-2008,55,23,300.0
2009,7,23-7-2009,58,23,180.0
2008,4,23-4-2008,59,23,240.0
2009,6,5-6-2009,62,23,150.0
2008,9,27-9-2008,77,23,300.0
2008,7,4-7-2008,77,23,384.0
2008,12,20-12-2008,82,23,1050.0
2009,6,16-6-2009,3,21,665.0
2008,7,16-7-2008,3,21,212.8
2009,9,10-9-2009,4,21,66.5
2008,7,24-7-2008,4,21,798.0
2008,10,8-10-2008,5,21,997.5
2008,3,7-3-2008,5,21,1330.0
2009,9,9-9-2009,7,21,4322.5
2009,7,28-7-2009,7,21,133.0
2009,5,23-5-2009,7,21,997.5
2008,4,5-4-2008,7,21,931.0
2009,8,22-8-2009,12,21,665.0
2009,4,3-4-2009,12,21,798.0
2009,1,30-1-2009,15,21,931.0
2009,7,23-7-2009,22,21,266.0
2009,5,1-5-2009,22,21,1163.75
2009,5,21-5-2009,25,21,99.75
2009,9,1-9-2009,27,21,831.25
2009,1,20-1-2009,31,21,498.75
2008,4,9-4-2008,32,21,798.0
2009,6,12-6-2009,35,21,498.75
2008,12,17-12-2008,35,21,299.25
2009,5,28-5-2009,42,21,1596.0
2008,6,26-6-2008,42,21,931.0
2008,1,1-1-2008,43,21,239.4
2009,6,5-6-2009,49,21,997.5
2008,6,3-6-2008,69,21,186.2
2008,6,12-6-2008,79,21,798.0
2008,10,24-10-2008,80,21,199.5
2008,10,16-10-2008,86,21,598.5
2008,6,14-6-2008,86,21,159.6
2009,6,12-6-2009,3,36,624.0
2009,6,2-6-2009,4,36,234.0
2008,10,15-10-2008,4,36,624.0
2008,3,12-3-2008,4,36,1123.2
2008,1,5-1-2008,4,36,468.0
2007,12,19-12-2007,5,36,468.0
2009,4,30-4-2009,7,36,1365.0
2009,4,17-4-2009,7,36,1287.0
2009,2,13-2-2009,7,36,312.0
2008,6,6-6-2008,7,36,1404.0
2009,7,4-7-2009,11,36,390.0
2008,2,7-2-2008,11,36,249.6
2009,9,5-9-2009,12,36,3003.0
2009,2,26-2-2009,12,36,1053.0
2008,11,26-11-2008,12,36,3900.0
2009,6,6-6-2009,13,36,1638.0
2009,2,12-2-2009,13,36,780.0
2009,3,10-3-2009,16,36,780.0
2009,9,3-9-2009,20,36,468.0
2009,7,8-7-2009,26,36,585.0
2009,2,4-2-2009,27,36,1170.0
2008,9,12-9-2008,27,36,1560.0
2009,7,18-7-2009,28,36,234.0
2008,6,6-6-2008,28,36,1560.0
2009,7,3-7-2009,35,36,468.0
2008,10,2-10-2008,35,36,312.0
2008,1,16-1-2008,36,36,1248.0
2008,3,1-3-2008,38,36,624.0
2009,5,5-5-2009,60,36,1560.0
2009,7,29-7-2009,62,36,234.0
2008,6,19-6-2008,70,36,312.0
2009,6,23-6-2009,72,36,585.0
2008,9,5-9-2008,74,36,975.0
2008,10,24-10-2008,75,36,702.0
2007,11,30-11-2007,79,36,936.0
2008,3,4-3-2008,86,36,2184.0
2008,5,22-5-2008,87,36,62.4
2009,5,19-5-2009,3,8,378.0
2009,9,10-9-2009,4,8,36.0
2009,6,27-6-2009,6,8,144.0
2009,6,25-6-2009,7,8,810.0
2009,4,9-4-2009,7,8,2340.0
2009,9,8-9-2009,11,8,360.0
2009,1,14-1-2009,17,8,54.0
2008,12,3-12-2008,19,8,90.0
2007,11,21-11-2007,22,8,86.4
2009,7,31-7-2009,24,8,540.0
2009,4,8-4-2009,24,8,288.0
2007,11,15-11-2007,26,8,604.8
2009,5,26-5-2009,37,8,180.0
2008,1,19-1-2008,38,8,432.0
2008,2,12-2-2008,39,8,57.6
2008,7,1-7-2008,40,8,288.0
2008,8,21-8-2008,41,8,180.0
2009,6,9-6-2009,42,8,1440.0
2008,3,29-3-2008,42,8,777.6
2008,12,30-12-2008,48,8,378.0
2008,7,22-7-2008,51,8,288.0
2009,1,1-1-2009,57,8,360.0
2009,4,24-4-2009,65,8,36.0
2009,1,7-1-2009,70,8,360.0
2008,6,20-6-2008,70,8,86.4
2008,4,15-4-2008,74,8,288.0
2009,5,20-5-2009,78,8,504.0
2008,1,10-1-2008,79,8,864.0
2008,10,28-10-2008,80,8,180.0
2008,3,13-3-2008,85,8,720.0
2009,5,19-5-2009,3,24,465.0
2009,2,27-2-2009,3,24,651.0
2009,9,10-9-2009,4,24,31.0
2008,3,26-3-2008,6,24,744.0
2009,6,3-6-2009,7,24,3100.0
2009,1,27-1-2009,11,24,62.0
2007,12,14-12-2007,11,24,372.0
2009,2,26-2-2009,12,24,558.0
2008,12,2-12-2008,12,24,2170.0
2009,1,1-1-2009,17,24,558.0
2009,6,20-6-2009,26,24,2170.0
2009,7,18-7-2009,28,24,930.0
2008,4,26-4-2008,28,24,396.8
2009,2,3-2-2009,29,24,620.0
2008,9,2-9-2008,32,24,496.0
2009,6,13-6-2009,35,24,310.0
2009,5,27-5-2009,36,24,496.0
2009,8,19-8-2009,41,24,744.0
2007,12,11-12-2007,42,24,595.2
2009,4,18-4-2009,54,24,186.0
2009,7,17-7-2009,55,24,775.0
2009,2,5-2-2009,55,24,558.0
2009,1,15-1-2009,64,24,744.0
2008,10,18-10-2008,69,24,155.0
2009,7,9-7-2009,70,24,620.0
2008,9,5-9-2008,70,24,62.0
2008,11,28-11-2008,72,24,310.0
2009,5,6-5-2009,74,24,1116.0
2008,7,23-7-2008,77,24,496.0
2008,6,26-6-2008,77,24,496.0
2008,6,25-6-2008,79,24,347.2
2009,4,24-4-2009,83,24,310.0
2009,3,6-3-2009,86,24,496.0
2009,4,2-4-2009,3,72,285.0
2009,2,26-2-2009,12,72,475.0
2009,1,9-1-2009,12,72,95.0
2009,2,24-2-2009,14,72,47.5
2009,1,9-1-2009,15,72,57.0
2009,7,22-7-2009,19,72,133.0
2009,7,31-7-2009,24,72,285.0
2009,4,8-4-2009,24,72,285.0
2008,6,6-6-2008,28,72,228.0
2009,2,3-2-2009,29,72,142.5
2009,1,31-1-2009,41,72,380.0
2008,5,24-5-2008,42,72,418.0
2008,10,9-10-2008,47,72,237.5
2009,2,13-2-2009,66,72,114.0
2008,11,5-11-2008,67,72,142.5
2009,7,10-7-2009,69,72,47.5
2009,6,13-6-2009,70,72,199.5
2009,5,23-5-2009,70,72,380.0
2008,7,25-7-2008,82,72,228.0
2008,8,26-8-2008,85,72,57.0
2008,2,22-2-2008,86,72,121.6
2009,4,2-4-2009,3,64,1140.0
2009,5,14-5-2009,4,64,1140.0
2008,5,8-5-2008,4,64,2128.0
2008,3,12-3-2008,4,64,608.0
2007,11,27-11-2007,4,64,60.8
2008,8,9-8-2008,5,64,425.6
2008,8,27-8-2008,7,64,2660.0
2008,6,6-6-2008,7,64,912.0
2008,12,24-12-2008,10,64,2280.0
2009,3,27-3-2009,12,64,1064.0
2009,2,26-2-2009,12,64,684.0
2009,1,9-1-2009,12,64,1710.0
2008,10,7-10-2008,12,64,1520.0
2009,3,20-3-2009,13,64,532.0
2008,11,15-11-2008,13,64,190.0
2008,12,5-12-2008,15,64,532.0
2009,3,10-3-2009,16,64,380.0
2009,2,25-2-2009,17,64,1140.0
2009,4,8-4-2009,24,64,2280.0
2009,2,6-2-2009,26,64,760.0
2009,7,17-7-2009,28,64,684.0
2009,4,28-4-2009,29,64,760.0
2008,1,15-1-2008,31,64,608.0
2009,8,21-8-2009,32,64,760.0
2009,7,25-7-2009,32,64,456.0
2008,9,2-9-2008,32,64,1520.0
2008,8,7-8-2008,33,64,912.0
2009,5,27-5-2009,36,64,1140.0
2008,7,3-7-2008,36,64,456.0
2009,6,3-6-2009,38,64,912.0
2009,5,8-5-2009,38,64,760.0
2009,4,23-4-2009,40,64,760.0
2008,9,9-9-2008,40,64,1140.0
2008,7,16-7-2008,43,64,608.0
2009,8,18-8-2009,44,64,190.0
2008,4,22-4-2008,47,64,608.0
2008,6,10-6-2008,51,64,851.2
2009,6,26-6-2009,52,64,608.0
2008,4,8-4-2008,59,64,547.2
2008,2,20-2-2008,59,64,364.8
2008,11,27-11-2008,63,64,1064.0
2009,1,15-1-2009,64,64,456.0
2008,7,9-7-2008,64,64,912.0
2009,3,27-3-2009,68,64,570.0
2008,6,3-6-2008,69,64,152.0
2009,6,19-6-2009,73,64,798.0
2008,6,12-6-2008,79,64,1216.0
2008,1,8-1-2008,84,64,121.6
2008,12,6-12-2008,86,64,760.0
2008,10,22-10-2008,86,64,2280.0
2009,2,27-2-2009,3,56,645.0
2008,11,18-11-2008,4,56,193.5
2008,5,8-5-2008,4,56,1032.0
2009,8,13-8-2009,7,56,451.5
2009,4,16-4-2009,7,56,344.0
2009,1,17-1-2009,7,56,301.0
2009,7,4-7-2009,10,56,537.5
2008,1,18-1-2008,11,56,34.4
2009,8,22-8-2009,12,56,344.0
2009,5,29-5-2009,12,56,1182.5
2009,2,14-2-2009,12,56,1290.0
2008,12,5-12-2008,15,56,322.5
2009,2,17-2-2009,17,56,430.0
2009,1,1-1-2009,17,56,645.0
2008,4,11-4-2008,17,56,860.0
2008,1,25-1-2008,17,56,51.6
2008,6,21-6-2008,20,56,34.4
2009,6,30-6-2009,22,56,645.0
2009,8,20-8-2009,23,56,1075.0
2008,4,2-4-2008,23,56,86.0
2008,4,16-4-2008,24,56,103.2
2008,9,23-9-2008,26,56,193.5
2009,8,26-8-2009,36,56,645.0
2008,7,3-7-2008,36,56,860.0
2008,7,1-7-2008,40,56,516.0
2008,2,23-2-2008,40,56,688.0
2008,2,8-2-2008,40,56,516.0
2008,5,14-5-2008,41,56,258.0
2009,7,15-7-2009,42,56,752.5
2008,4,24-4-2008,46,56,258.0
2009,4,14-4-2009,47,56,258.0
2009,8,14-8-2009,48,56,430.0
2009,8,14-8-2009,49,56,1290.0
2008,5,3-5-2008,49,56,1032.0
2008,5,7-5-2008,55,56,516.0
2009,3,4-3-2009,57,56,172.0
2008,12,10-12-2008,68,56,322.5
2008,7,18-7-2008,68,56,206.4
2009,1,22-1-2009,70,56,258.0
2008,12,16-12-2008,70,56,430.0
2007,12,12-12-2007,84,56,344.0
2008,11,25-11-2008,86,56,322.5
2009,1,15-1-2009,3,58,420.0
2009,4,21-4-2009,7,58,168.0
2008,10,22-10-2008,7,58,392.0
2009,8,11-8-2009,12,58,336.0
2009,6,18-6-2009,12,58,350.0
2008,8,29-8-2008,17,58,280.0
2008,1,25-1-2008,17,58,22.4
2008,8,12-8-2008,22,58,420.0
2009,7,8-7-2009,25,58,140.0
2008,8,6-8-2008,28,58,224.0
2009,4,21-4-2009,29,58,280.0
2009,1,6-1-2009,29,58,280.0
2009,3,26-3-2009,32,58,392.0
2009,8,25-8-2009,36,58,420.0
2009,4,11-4-2009,36,58,28.0
2008,7,9-7-2008,36,58,560.0
2009,1,29-1-2009,38,58,560.0
2009,8,7-8-2009,42,58,560.0
2009,5,28-5-2009,42,58,588.0
2008,11,7-11-2008,42,58,1400.0
2008,3,11-3-2008,42,58,100.8
2009,8,14-8-2009,50,58,56.0
2009,8,13-8-2009,51,58,196.0
2009,1,23-1-2009,53,58,84.0
2008,5,10-5-2008,65,58,448.0
2008,12,13-12-2008,71,58,70.0
2008,1,26-1-2008,72,58,67.2
2009,6,4-6-2009,75,58,280.0
2007,11,9-11-2007,84,58,98.0
2008,2,22-2-2008,86,58,112.0
2009,1,15-1-2009,3,42,552.0
2008,9,6-9-2008,3,42,276.0
2008,9,16-9-2008,5,42,184.0
2008,9,4-9-2008,5,42,460.0
2009,6,25-6-2009,7,42,1674.4
2008,7,18-7-2008,8,42,308.7
2009,3,11-3-2009,10,42,110.4
2009,1,10-1-2009,10,42,441.6
2008,5,14-5-2008,10,42,29.4
2009,3,27-3-2009,12,42,736.0
2008,11,26-11-2008,12,42,772.8
2009,5,7-5-2009,14,42,18.4
2009,9,4-9-2009,17,42,736.0
2008,12,27-12-2008,22,42,1104.0
2008,8,12-8-2008,22,42,92.0
2008,6,6-6-2008,28,42,735.0
2008,1,15-1-2008,31,42,147.0
2008,1,17-1-2008,35,42,588.0
2009,8,26-8-2009,36,42,92.0
2009,7,7-7-2009,37,42,368.0
2009,5,9-5-2009,37,42,552.0
2009,5,13-5-2009,39,42,1104.0
2009,1,31-1-2009,41,42,368.0
2009,1,10-1-2009,42,42,1288.0
2007,12,26-12-2007,42,42,588.0
2007,12,11-12-2007,42,42,882.0
2008,7,29-7-2008,43,42,147.0
2008,6,24-6-2008,45,42,294.0
2007,12,4-12-2007,49,42,735.0
2009,7,31-7-2009,52,42,184.0
2009,6,17-6-2009,53,42,220.8
2009,8,11-8-2009,54,42,184.0
2009,3,24-3-2009,55,42,920.0
2008,7,10-7-2008,55,42,294.0
2009,4,1-4-2009,65,42,55.2
2009,5,23-5-2009,70,42,460.0
2008,10,23-10-2008,70,42,920.0
2008,9,17-9-2008,75,42,184.0
2008,10,24-10-2008,80,42,36.8
2008,3,13-3-2008,85,42,58.8
2008,7,26-7-2008,88,42,147.0
2008,8,23-8-2008,3,11,1100.0
2009,9,10-9-2009,4,11,22.0
2009,8,11-8-2009,4,11,550.0
2009,7,3-7-2009,10,11,660.0
2009,2,18-2-2009,10,11,132.0
2008,3,8-3-2008,13,11,616.0
2008,1,25-1-2008,17,11,352.0
2009,3,10-3-2009,23,11,550.0
2008,9,16-9-2008,24,11,1100.0
2009,5,29-5-2009,36,11,462.0
2008,12,24-12-2008,40,11,550.0
2008,9,9-9-2008,42,11,1100.0
2008,2,28-2-2008,51,11,316.8
2008,2,15-2-2008,60,11,422.4
2008,7,9-7-2008,64,11,281.6
2009,7,21-7-2009,65,11,110.0
2008,12,23-12-2008,65,11,220.0
2009,1,7-1-2009,70,11,264.0
2008,11,26-11-2008,78,11,440.0
2008,3,4-3-2008,86,11,176.0
2008,8,23-8-2008,3,12,400.0
2009,9,10-9-2009,4,12,80.0
2008,9,4-9-2008,5,12,960.0
2009,4,25-4-2009,10,12,1200.0
2008,3,8-3-2008,13,12,2240.0
2009,7,30-7-2009,28,12,640.0
2009,2,21-2-2009,29,12,1600.0
2009,6,25-6-2009,39,12,1200.0
2008,3,11-3-2008,42,12,2240.0
2009,8,13-8-2009,51,12,1200.0
2009,7,31-7-2009,52,12,800.0
2009,2,11-2-2009,53,12,400.0
2009,5,20-5-2009,68,12,800.0
2008,7,16-7-2008,3,19,108.0
2009,9,10-9-2009,4,19,18.0
2008,9,25-9-2008,6,19,630.0
2008,5,9-5-2008,7,19,432.0
2009,3,27-3-2009,12,19,396.0
2009,6,17-6-2009,24,19,270.0
2008,3,14-3-2008,31,19,180.0
2009,5,9-5-2009,37,19,162.0
2008,10,4-10-2008,41,19,180.0
2009,5,28-5-2009,42,19,630.0
2009,1,21-1-2009,49,19,288.0
2008,5,3-5-2008,49,19,288.0
2008,2,29-2-2008,49,19,288.0
2009,8,14-8-2009,50,19,90.0
2009,7,14-7-2009,67,19,72.0
2009,1,23-1-2009,68,19,45.0
2008,12,10-12-2008,68,19,90.0
2009,6,11-6-2009,74,19,450.0
2008,7,8-7-2008,76,19,151.2
2008,8,8-8-2008,81,19,72.0
2008,7,16-7-2008,3,50,1500.0
2008,3,5-3-2008,3,50,1000.0
2008,4,19-4-2008,7,50,450.0
2008,1,4-1-2008,11,50,600.0
2009,6,6-6-2009,13,50,1250.0
2009,8,20-8-2009,14,50,500.0
2009,8,4-8-2009,17,50,500.0
2008,8,29-8-2008,17,50,1562.5
2009,6,3-6-2009,19,50,625.0
2009,6,16-6-2009,20,50,1562.5
2008,12,31-12-2008,26,50,1250.0
2009,9,1-9-2009,27,50,2187.5
2009,7,25-7-2009,34,50,375.0
2009,5,26-5-2009,37,50,1562.5
2008,1,19-1-2008,38,50,1250.0
2009,3,25-3-2009,42,50,1500.0
2008,11,7-11-2008,42,50,2500.0
2009,8,18-8-2009,44,50,625.0
2008,12,25-12-2008,46,50,500.0
2009,4,3-4-2009,59,50,1312.5
2009,7,14-7-2009,67,50,250.0
2008,12,30-12-2008,67,50,250.0
2009,3,3-3-2009,73,50,750.0
2008,10,17-10-2008,79,50,1125.0
2009,4,28-4-2009,82,50,1875.0
2008,12,20-12-2008,82,50,3125.0
2008,2,22-2-2008,86,50,2000.0
2008,4,1-4-2008,3,47,560.0
2009,4,8-4-2009,4,47,490.0
2008,5,1-5-2008,12,47,78.4
2009,6,2-6-2009,20,47,140.0
2009,9,2-9-2009,22,47,210.0
2009,5,21-5-2009,25,47,140.0
2008,8,6-8-2008,28,47,672.0
2009,7,7-7-2009,37,47,336.0
2009,5,26-5-2009,37,47,84.0
2008,8,20-8-2008,39,47,252.0
2008,2,12-2-2008,39,47,44.8
2009,4,7-4-2009,52,47,168.0
2008,7,11-7-2008,65,47,134.4
2009,5,6-5-2009,67,47,210.0
2009,6,20-6-2009,69,47,70.0
2009,5,30-5-2009,77,47,280.0
2009,5,8-5-2009,81,47,70.0
2008,3,13-3-2008,85,47,112.0
2008,4,1-4-2008,3,38,141.6
2008,2,21-2-2008,3,38,88.5
2008,9,16-9-2008,5,38,74.5
2009,9,5-9-2009,6,38,149.0
2008,6,18-6-2008,7,38,472.0
2008,7,31-7-2008,10,38,141.6
2009,7,4-7-2009,11,38,74.5
2009,6,18-6-2009,12,38,238.4
2009,1,28-1-2009,12,38,223.5
2009,2,10-2-2009,13,38,447.0
2007,12,29-12-2007,16,38,59.0
2008,8,14-8-2008,19,38,149.0
2009,4,29-4-2009,30,38,22.35
2009,8,25-8-2009,36,38,74.5
2008,9,24-9-2008,39,38,178.8
2009,4,23-4-2009,40,38,22.35
2009,6,5-6-2009,49,38,260.75
2009,2,28-2-2009,49,38,111.75
2008,1,22-1-2008,50,38,29.5
2008,11,11-11-2008,55,38,372.5
2008,4,4-4-2008,55,38,106.2
2009,4,30-4-2009,57,38,44.7
2008,6,7-6-2008,59,38,236.0
2008,3,15-3-2008,59,38,141.6
2008,3,19-3-2008,64,38,118.0
2009,1,7-1-2009,70,38,44.7
2008,9,5-9-2008,70,38,111.75
2008,6,20-6-2008,70,38,88.5
2009,3,3-3-2009,73,38,298.0
2009,5,2-5-2009,74,38,52.15
2008,6,26-6-2008,77,38,35.4
2008,3,29-3-2008,79,38,165.2
2008,5,15-5-2008,82,38,35.4
2009,1,3-1-2009,85,38,223.5
2008,11,20-11-2008,87,38,29.8
2008,4,12-4-2008,87,38,59.0
2008,3,5-3-2008,3,33,1472.0
2008,1,5-1-2008,4,33,552.0
2009,9,8-9-2009,10,33,1656.0
2009,5,27-5-2009,11,33,230.0
2008,1,25-1-2008,17,33,736.0
2009,5,14-5-2009,21,33,322.0
2009,8,5-8-2009,23,33,276.0
2009,7,8-7-2009,25,33,460.0
2009,9,1-9-2009,26,33,1380.0
2008,9,12-9-2008,27,33,1150.0
2009,8,1-8-2009,28,33,414.0
2008,1,29-1-2008,31,33,883.2
2008,7,3-7-2008,36,33,736.0
2008,1,16-1-2008,36,33,441.6
2009,2,20-2-2009,38,33,1104.0
2008,7,12-7-2008,39,33,552.0
2007,12,7-12-2007,40,33,920.0
2009,7,15-7-2009,42,33,1104.0
2009,2,7-2-2009,42,33,1840.0
2009,8,19-8-2009,43,33,1380.0
2009,5,21-5-2009,46,33,414.0
2009,4,7-4-2009,52,33,1380.0
2009,1,23-1-2009,53,33,276.0
2008,7,9-7-2008,64,33,110.4
2008,12,30-12-2008,67,33,920.0
2008,9,5-9-2008,70,33,2760.0
2008,8,20-8-2008,75,33,690.0
2009,5,12-5-2009,77,33,920.0
2009,9,10-9-2009,4,10,40.0
2009,8,18-8-2009,7,10,250.0
2009,4,9-4-2009,7,10,200.0
2009,3,21-3-2009,28,10,200.0
2008,7,30-7-2008,37,10,160.0
2008,5,13-5-2008,37,10,400.0
2009,5,30-5-2009,39,10,490.0
2008,9,23-9-2008,42,10,600.0
2008,1,1-1-2008,43,10,240.0
2009,2,17-2-2009,48,10,60.0
2008,11,11-11-2008,55,10,140.0
2009,6,4-6-2009,70,10,300.0
2009,9,10-9-2009,4,13,17.0
2008,6,18-6-2008,7,13,816.0
2008,9,13-9-2008,23,13,408.0
2009,4,17-4-2009,24,13,850.0
2008,8,7-8-2008,25,13,136.0
2008,7,19-7-2008,36,13,816.0
2008,1,15-1-2008,65,13,408.0
2009,1,30-1-2009,75,13,68.0
2009,9,10-9-2009,4,15,81.0
2007,12,8-12-2007,4,15,388.8
2008,11,13-11-2008,5,15,1701.0
2008,8,27-8-2008,7,15,3159.0
2008,4,10-4-2008,10,15,777.6
2007,11,14-11-2007,36,15,2592.0
2009,8,19-8-2009,42,15,1215.0
2009,6,17-6-2009,42,15,1620.0
2009,5,20-5-2009,45,15,405.0
2009,7,21-7-2009,47,15,4050.0
2009,8,4-8-2009,58,15,1215.0
2009,7,10-7-2009,62,15,405.0
2008,4,22-4-2008,70,15,1814.4
2008,9,5-9-2008,74,15,1215.0
2008,1,3-1-2008,78,15,1296.0
2009,1,13-1-2009,87,15,1701.0
2009,9,10-9-2009,4,16,76.0
2008,9,18-9-2008,5,16,570.0
2008,9,25-9-2008,6,16,1140.0
2009,7,31-7-2009,7,16,760.0
2009,7,28-7-2009,7,16,1140.0
2008,12,20-12-2008,7,16,1368.0
2009,1,28-1-2009,12,16,3800.0
2009,8,29-8-2009,29,16,152.0
2009,8,28-8-2009,31,16,760.0
2009,3,3-3-2009,39,16,1368.0
2007,12,1-12-2007,40,16,364.8
2009,8,18-8-2009,44,16,760.0
2009,2,11-2-2009,53,16,152.0
2008,6,14-6-2008,86,16,456.0
2009,9,10-9-2009,4,17,32.0
2008,1,31-1-2008,4,17,1024.0
2009,8,8-8-2009,6,17,1600.0
2007,11,22-11-2007,7,17,153.6
2009,8,4-8-2009,17,17,1120.0
2008,2,27-2-2008,17,17,153.6
2009,2,19-2-2009,22,17,128.0
2009,9,1-9-2009,27,17,640.0
2009,8,28-8-2009,31,17,480.0
2008,8,27-8-2008,31,17,1600.0
2009,7,4-7-2009,45,17,192.0
2009,5,14-5-2009,65,17,640.0
2008,10,23-10-2008,70,17,320.0
2009,4,4-4-2009,71,17,320.0
2008,9,27-9-2008,74,17,768.0
2009,8,11-8-2009,4,31,135.0
2009,7,31-7-2009,7,31,360.0
2009,7,28-7-2009,7,31,135.0
2009,6,25-6-2009,7,31,495.0
2007,11,28-11-2007,7,31,100.8
2009,9,9-9-2009,8,31,90.0
2009,2,18-2-2009,10,31,157.5
2008,8,30-8-2008,11,31,22.5
2008,1,4-1-2008,11,31,36.0
2009,8,22-8-2009,12,31,94.5
2009,8,4-8-2009,12,31,90.0
2008,10,7-10-2008,12,31,81.0
2009,8,14-8-2009,16,31,45.0
2009,1,2-1-2009,20,31,67.5
2009,9,2-9-2009,22,31,67.5
2009,7,24-7-2009,22,31,45.0
2008,8,12-8-2008,22,31,63.0
2009,9,1-9-2009,25,31,45.0
2008,3,27-3-2008,25,31,36.0
2009,7,8-7-2009,26,31,157.5
2008,9,23-9-2008,26,31,157.5
2008,11,15-11-2008,27,31,157.5
2009,8,21-8-2009,28,31,135.0
2009,8,8-8-2009,30,31,54.0
2007,11,16-11-2007,32,31,54.0
2009,8,13-8-2009,35,31,54.0
2009,6,19-6-2009,36,31,54.0
2009,6,25-6-2009,39,31,45.0
2009,5,2-5-2009,39,31,90.0
2009,6,19-6-2009,44,31,36.0
2008,9,3-9-2008,46,31,36.0
2008,4,24-4-2008,46,31,54.0
2008,3,22-3-2008,47,31,90.0
2009,6,5-6-2009,49,31,180.0
2008,12,12-12-2008,49,31,13.5
2007,12,20-12-2007,50,31,21.6
2009,2,11-2-2009,53,31,90.0
2009,7,17-7-2009,55,31,112.5
2008,7,10-7-2008,55,31,90.0
2008,6,21-6-2008,63,31,72.0
2008,3,19-3-2008,64,31,36.0
2008,7,11-7-2008,65,31,100.8
2007,12,13-12-2007,65,31,43.2
2009,6,10-6-2009,70,31,27.0
2007,12,20-12-2007,70,31,43.2
2008,7,17-7-2008,74,31,288.0
2008,12,10-12-2008,81,31,22.5
2009,4,9-4-2009,82,31,90.0
2008,8,26-8-2008,85,31,45.0
2008,4,24-4-2008,85,31,54.0
2008,10,16-10-2008,86,31,112.5
2009,6,23-6-2009,4,32,840.0
2009,6,6-6-2009,5,32,525.0
2009,5,16-5-2009,6,32,420.0
2008,1,9-1-2008,6,32,201.6
2009,2,13-2-2009,7,32,315.0
2008,6,18-6-2008,7,32,504.0
2009,9,9-9-2009,8,32,210.0
2009,5,1-5-2009,9,32,420.0
2008,12,24-12-2008,10,32,210.0
2009,5,27-5-2009,11,32,315.0
2008,9,10-9-2008,15,32,63.0
2008,6,19-6-2008,16,32,100.8
2009,7,3-7-2009,17,32,840.0
2008,12,3-12-2008,19,32,294.0
2008,7,31-7-2008,22,32,84.0
2009,3,10-3-2009,23,32,105.0
2008,6,10-6-2008,24,32,100.8
2008,2,16-2-2008,24,32,840.0
2009,4,15-4-2009,26,32,315.0
2008,8,2-8-2008,27,32,252.0
2008,3,20-3-2008,27,32,201.6
2009,7,17-7-2009,28,32,105.0
2008,7,11-7-2008,33,32,168.0
2009,8,27-8-2009,34,32,210.0
2008,9,24-9-2008,39,32,315.0
2008,10,4-10-2008,40,32,315.0
2008,5,14-5-2008,41,32,504.0
2009,8,5-8-2009,57,32,315.0
2009,8,4-8-2009,58,32,630.0
2009,7,9-7-2009,71,32,42.0
2009,6,11-6-2009,74,32,210.0
2009,5,2-5-2009,74,32,1050.0
2008,9,17-9-2008,75,32,1050.0
2008,4,3-4-2008,75,32,403.2
2008,10,17-10-2008,79,32,735.0
2007,11,9-11-2007,84,32,168.0
2008,10,22-10-2008,86,32,315.0
2008,9,26-9-2008,88,32,210.0
2008,11,18-11-2008,4,73,2195.0
2007,12,25-12-2007,5,73,526.5
2009,7,31-7-2009,7,73,1317.0
2007,11,21-11-2007,22,73,877.5
2009,7,11-7-2009,36,73,1097.5
2008,6,17-6-2008,38,73,1755.0
2008,8,28-8-2008,42,73,5268.0
2009,4,7-4-2009,52,73,1756.0
2009,6,5-6-2009,62,73,439.0
2008,1,5-1-2008,4,28,259.2
2009,9,9-9-2009,5,28,720.0
2008,9,4-9-2008,5,28,720.0
2008,3,21-3-2008,8,28,172.8
2008,5,14-5-2008,10,28,144.0
2008,10,28-10-2008,11,28,180.0
2009,8,22-8-2009,12,28,810.0
2009,5,29-5-2009,12,28,1440.0
2009,2,14-2-2009,12,28,90.0
2009,8,12-8-2009,15,28,144.0
2009,1,1-1-2009,17,28,270.0
2009,3,31-3-2009,18,28,144.0
2009,6,9-6-2009,22,28,360.0
2009,8,29-8-2009,23,28,450.0
2008,5,21-5-2008,25,28,345.6
2009,7,7-7-2009,28,28,1080.0
2008,11,29-11-2008,30,28,108.0
2008,3,14-3-2008,31,28,216.0
2008,4,9-4-2008,32,28,216.0
2009,7,3-7-2009,35,28,180.0
2009,8,25-8-2009,36,28,180.0
2009,5,26-5-2009,37,28,72.0
2009,3,11-3-2009,37,28,900.0
2009,8,20-8-2009,40,28,180.0
2008,9,9-9-2008,40,28,144.0
2009,2,7-2-2009,42,28,540.0
2007,12,26-12-2007,42,28,648.0
2008,2,5-2-2008,44,28,288.0
2008,7,22-7-2008,51,28,216.0
2009,8,12-8-2009,53,28,36.0
2009,8,11-8-2009,54,28,72.0
2009,7,14-7-2009,67,28,378.0
2009,7,1-7-2009,67,28,360.0
2009,2,5-2-2009,70,28,630.0
2008,11,28-11-2008,72,28,54.0
2009,6,11-6-2009,74,28,720.0
2008,12,17-12-2008,79,28,450.0
2008,11,11-11-2008,86,28,360.0
2007,11,27-11-2007,4,51,204.0
2008,4,19-4-2008,7,51,544.0
2007,11,22-11-2007,7,51,1105.0
2009,8,22-8-2009,12,51,1494.5
2009,8,29-8-2009,23,51,640.5
2008,1,2-1-2008,33,51,340.0
2009,2,21-2-2009,56,51,85.4
2009,7,23-7-2009,58,51,427.0
2008,12,23-12-2008,65,51,320.25
2009,5,30-5-2009,76,51,640.5
2008,11,12-11-2008,5,77,387.5
2007,12,22-12-2007,6,77,248.0
2009,1,9-1-2009,12,77,775.0
2008,8,14-8-2008,25,77,186.0
2008,2,12-2-2008,39,77,62.0
2008,10,30-10-2008,73,77,155.0
2007,12,25-12-2007,5,45,56.0
2008,8,15-8-2008,8,45,420.0
2009,9,2-9-2009,21,45,280.0
2009,7,8-7-2009,25,45,336.0
2009,7,3-7-2009,35,45,210.0
2008,9,25-9-2008,44,45,98.0
2009,6,9-6-2009,47,45,210.0
2009,1,21-1-2009,49,45,350.0
2009,4,18-4-2009,54,45,42.0
2009,7,15-7-2009,65,45,560.0
2007,12,25-12-2007,5,55,325.5
2008,3,18-3-2008,7,55,1193.5
2009,1,27-1-2009,11,55,408.45
2008,10,28-10-2008,11,55,408.45
2008,8,30-8-2008,11,55,175.05
2008,6,27-6-2008,12,55,1550.0
2008,7,15-7-2008,13,55,31.0
2009,1,9-1-2009,15,55,544.6
2009,5,1-5-2009,22,55,194.5
2008,10,11-10-2008,24,55,194.5
2009,5,21-5-2009,25,55,311.2
2009,7,17-7-2009,28,55,350.1
2008,5,17-5-2008,28,55,620.0
2009,8,27-8-2009,33,55,291.75
2009,8,25-8-2009,38,55,233.4
2009,3,25-3-2009,42,55,311.2
2009,3,5-3-2009,42,55,972.5
2009,2,7-2-2009,42,55,466.8
2009,7,31-7-2009,52,55,116.7
2008,12,12-12-2008,54,55,194.5
2008,1,2-1-2008,57,55,372.0
2008,10,2-10-2008,64,55,778.0
2008,8,5-8-2008,64,55,232.5
2007,12,18-12-2007,70,55,248.0
2008,8,13-8-2008,6,57,500.0
2009,6,11-6-2009,10,57,840.0
2008,1,18-1-2008,11,57,480.0
2009,6,18-6-2009,12,57,400.0
2008,12,2-12-2008,12,57,360.0
2008,11,22-11-2008,12,57,500.0
2009,7,16-7-2009,16,57,560.0
2008,7,25-7-2008,20,57,384.0
2008,5,8-5-2008,23,57,480.0
2007,11,15-11-2007,26,57,640.0
2008,1,2-1-2008,33,57,240.0
2009,8,26-8-2009,37,57,1200.0
2008,7,2-7-2008,39,57,336.0
2008,9,20-9-2008,43,57,120.0
2009,8,18-8-2009,45,57,40.0
2009,7,3-7-2009,53,57,200.0
2009,7,28-7-2009,63,57,800.0
2008,5,10-5-2008,65,57,480.0
2009,6,13-6-2009,70,57,300.0
2009,5,6-5-2009,74,57,80.0
2008,3,29-3-2008,79,57,560.0
2008,8,13-8-2008,6,34,912.0
2009,8,13-8-2009,7,34,3192.0
2008,8,27-8-2008,7,34,1596.0
2008,4,5-4-2008,7,34,473.2
2008,7,18-7-2008,8,34,655.2
2009,9,8-9-2009,10,34,364.8
2008,5,14-5-2008,10,34,1528.8
2008,2,7-2-2008,11,34,509.6
2008,6,27-6-2008,12,34,546.0
2009,3,20-3-2009,13,34,228.0
2008,6,19-6-2008,16,34,436.8
2008,8,22-8-2008,19,34,136.8
2009,7,15-7-2009,21,34,364.8
2009,7,30-7-2009,22,34,912.0
2008,8,14-8-2008,25,34,364.8
2008,1,29-1-2008,31,34,145.6
2008,7,3-7-2008,36,34,1092.0
2008,1,16-1-2008,36,34,1019.2
2009,8,26-8-2009,37,34,912.0
2008,9,25-9-2008,44,34,319.2
2008,4,24-4-2008,46,34,218.4
2009,7,21-7-2009,48,34,91.2
2008,12,30-12-2008,48,34,684.0
2009,1,2-1-2009,52,34,912.0
2009,6,13-6-2009,53,34,136.8
2008,12,12-12-2008,54,34,456.0
2009,2,5-2-2009,55,34,2736.0
2007,12,15-12-2007,66,34,728.0
2009,7,9-7-2009,70,34,1368.0
2009,3,14-3-2009,70,34,912.0
2009,5,6-5-2009,74,34,1094.4
2008,4,15-4-2008,74,34,728.0
2008,3,29-3-2008,79,34,1092.0
2008,4,18-4-2008,6,71,112.0
2008,4,19-4-2008,7,71,400.0
2007,11,28-11-2007,7,71,288.0
2009,4,1-4-2009,14,71,50.0
2008,7,31-7-2008,22,71,128.0
2009,8,8-8-2009,30,71,200.0
2008,4,9-4-2008,32,71,160.0
2007,11,16-11-2007,32,71,168.0
2009,5,29-5-2009,36,71,200.0
2009,4,23-4-2009,40,71,350.0
2008,5,24-5-2008,42,71,120.0
2009,5,7-5-2009,77,71,150.0
2008,6,14-6-2008,86,71,240.0
2009,8,13-8-2009,7,40,1260.0
2009,8,6-8-2009,7,40,840.0
2009,4,3-4-2009,12,40,420.0
2009,2,14-2-2009,12,40,168.0
2009,9,5-9-2009,13,40,490.0
2008,7,29-7-2008,13,40,392.0
2009,9,4-9-2009,17,40,420.0
2007,12,28-12-2007,20,40,224.0
2009,7,15-7-2009,21,40,280.0
2008,3,27-3-2008,25,40,112.0
2009,2,5-2-2009,55,40,196.0
2008,4,4-4-2008,55,40,403.2
2009,5,6-5-2009,56,40,140.0
2008,9,30-9-2008,63,40,140.0
2008,6,13-6-2008,63,40,224.0
2008,2,1-2-2008,68,40,156.8
2009,6,23-6-2009,72,40,140.0
2008,10,24-10-2008,75,40,560.0
2008,4,24-4-2008,85,40,112.0
2009,7,31-7-2009,7,54,1536.5
2008,5,9-5-2008,7,54,2281.5
2008,1,4-1-2008,11,54,175.5
2008,2,13-2-2008,12,54,2808.0
2008,11,15-11-2008,13,54,1053.6
2008,6,5-6-2008,17,54,1228.5
2009,7,31-7-2009,24,54,878.0
2009,3,26-3-2009,27,54,395.1
2009,8,27-8-2009,32,54,1317.0
2009,8,21-8-2009,32,54,526.8
2009,2,7-2-2009,48,54,878.0
2009,7,8-7-2009,55,54,1756.0
2008,4,17-4-2008,57,54,561.6
2009,7,30-7-2009,59,54,439.0
2008,10,25-10-2008,66,54,263.4
2007,12,18-12-2007,70,54,280.8
2009,4,28-4-2009,82,54,1317.0
2009,5,23-5-2009,7,53,108.0
2008,11,14-11-2008,7,53,540.0
2008,4,29-4-2008,7,53,576.0
2009,6,11-6-2009,10,53,540.0
2009,8,11-8-2009,12,53,270.0
2008,5,6-5-2008,12,53,432.0
2008,2,13-2-2008,12,53,1008.0
2009,3,20-3-2009,13,53,630.0
2008,11,8-11-2008,15,53,72.0
2008,9,3-9-2008,21,53,54.0
2009,7,23-7-2009,22,53,720.0
2008,5,8-5-2008,23,53,504.0
2009,6,11-6-2009,30,53,54.0
2009,8,28-8-2009,31,53,324.0
2009,8,25-8-2009,36,53,1080.0
2009,8,26-8-2009,37,53,432.0
2009,2,12-2-2009,37,53,162.0
2008,10,4-10-2008,40,53,108.0
2009,5,28-5-2009,42,53,450.0
2007,12,27-12-2007,42,53,1440.0
2008,10,29-10-2008,43,53,360.0
2009,5,21-5-2009,46,53,144.0
2009,6,9-6-2009,47,53,72.0
2008,12,12-12-2008,49,53,540.0
2007,12,20-12-2007,50,53,57.6
2009,7,8-7-2009,55,53,180.0
2009,3,4-3-2009,57,53,378.0
2008,11,6-11-2008,57,53,360.0
2007,11,24-11-2007,57,53,288.0
2009,5,15-5-2009,59,53,360.0
2008,10,2-10-2008,64,53,360.0
2008,2,8-2-2008,68,53,144.0
2008,6,19-6-2008,70,53,115.2
2008,9,27-9-2008,77,53,540.0
2009,4,28-4-2009,82,53,270.0
2008,5,30-5-2008,86,53,864.0
2009,5,23-5-2009,7,70,1092.0
2008,11,22-11-2008,12,70,1008.0
2009,1,2-1-2009,20,70,315.0
2009,8,11-8-2009,24,70,525.0
2009,5,28-5-2009,27,70,735.0
2009,1,6-1-2009,31,70,420.0
2008,10,4-10-2008,40,70,504.0
2009,7,16-7-2009,43,70,441.0
2009,4,14-4-2009,47,70,84.0
2008,12,23-12-2008,65,70,840.0
2008,6,11-6-2008,76,70,201.6
2007,11,13-11-2007,77,70,100.8
2009,4,9-4-2009,82,70,126.0
2008,12,9-12-2008,86,70,840.0
2009,4,21-4-2009,7,69,256.5
2008,8,15-8-2008,8,69,199.5
2009,5,29-5-2009,12,69,342.0
2009,2,26-2-2009,12,69,1045.0
2009,3,20-3-2009,13,69,380.0
2009,4,1-4-2009,14,69,38.0
2009,7,22-7-2009,37,69,285.0
2008,12,25-12-2008,37,69,190.0
2009,3,28-3-2009,40,69,380.0
2008,10,1-10-2008,42,69,950.0
2009,8,14-8-2009,50,69,190.0
2009,6,26-6-2009,52,69,142.5
2008,7,10-7-2008,55,69,228.0
2008,4,25-4-2008,74,69,114.0
2008,5,10-5-2008,7,76,714.0
2009,2,18-2-2009,10,76,306.0
2008,6,28-6-2008,47,76,153.0
2008,11,22-11-2008,64,76,76.5
2008,8,20-8-2008,75,76,191.25
2009,5,12-5-2009,77,76,102.0
2009,5,29-5-2009,12,74,1560.0
2009,7,25-7-2009,32,74,208.0
2008,2,29-2-2008,49,74,582.4
2008,9,5-9-2008,74,74,468.0
2008,5,15-5-2008,82,74,208.0
2007,11,23-11-2007,89,74,20.8
2009,2,10-2-2009,13,75,582.0
2009,2,4-2-2009,17,75,4850.0
2008,8,28-8-2008,42,75,1552.0
2008,5,28-5-2008,67,75,1552.0
2009,5,30-5-2009,76,75,291.0
